"WY","Month","Region","Secchi","SampleSize_secchi"
1967,9,"North",49.4,5
1967,9,"South",46.0476190476191,21
1967,9,"West",28.8461538461538,39
1968,1,"North",20.4,5
1968,1,"South",44.5714285714286,21
1968,1,"West",45.0476190476191,42
1968,2,"North",31.2,5
1968,2,"South",31.1428571428571,21
1968,2,"West",22.2142857142857,42
1968,3,"North",35.8,5
1968,3,"South",34.4285714285714,21
1968,3,"West",30.4761904761905,42
1968,8,"North",35,6
1968,8,"South",38.4761904761905,21
1968,8,"West",32.5121951219512,41
1968,9,"North",34.6,5
1968,9,"South",40.6,20
1968,9,"West",25.8048780487805,41
1968,10,"North",53.6,5
1968,10,"South",52.7142857142857,21
1968,10,"West",31.0487804878049,41
1968,11,"North",65.6,5
1968,11,"South",57.0952380952381,21
1968,11,"West",38.5238095238095,42
1968,12,"North",54,5
1968,12,"South",60.0476190476191,21
1968,12,"West",33.1428571428571,42
1969,1,"South",35.4761904761905,21
1969,1,"West",25.9230769230769,39
1969,2,"North",18.5,4
1969,2,"South",20.1904761904762,21
1969,2,"West",17.3939393939394,33
1969,3,"North",19.75,4
1969,3,"South",27.7894736842105,19
1969,3,"West",17.925,40
1969,7,"North",50,2
1969,7,"South",43.1818181818182,11
1969,7,"West",26,14
1969,8,"North",54.7777777777778,9
1969,8,"South",50.0652173913044,46
1969,8,"West",26.3636363636364,66
1969,9,"North",41.25,4
1969,9,"South",46.2083333333333,24
1969,9,"West",25.7560975609756,41
1969,10,"North",34.8,5
1969,10,"South",42.6666666666667,21
1969,10,"West",31.6666666666667,42
1969,11,"North",45.8,5
1969,11,"South",53.2,20
1969,11,"West",35.5,42
1969,12,"North",67.4,5
1969,12,"South",68.3,10
1969,12,"West",36.5952380952381,42
1970,1,"North",13.3333333333333,3
1970,1,"South",29.1538461538462,13
1970,1,"West",23.5,20
1970,3,"North",35.5,2
1970,3,"South",41.1666666666667,12
1970,3,"West",33.1428571428571,21
1970,6,"North",34,2
1970,6,"South",35.8181818181818,11
1970,6,"West",26.3571428571429,14
1970,7,"North",31,4
1970,7,"South",31.5909090909091,22
1970,7,"West",24.8214285714286,28
1970,8,"North",59,5
1970,8,"South",47.9130434782609,23
1970,8,"West",33.8181818181818,33
1970,9,"North",71,3
1970,9,"South",63.4545454545455,11
1970,9,"West",32.7142857142857,21
1970,10,"North",74.6666666666667,3
1970,10,"South",69.7142857142857,21
1970,10,"West",49.4634146341463,41
1970,12,"North",25.8,5
1970,12,"South",62.2,20
1970,12,"West",54.1190476190476,42
1971,1,"North",39,1
1971,1,"South",40.7,10
1971,1,"West",38.3333333333333,21
1971,2,"North",38,1
1971,2,"South",35.5454545454545,11
1971,2,"West",31.8571428571429,21
1971,3,"North",38,1
1971,3,"South",38,8
1971,3,"West",32.7619047619048,21
1971,6,"North",30,2
1971,6,"South",25.3636363636364,11
1971,6,"West",24.2222222222222,9
1971,7,"North",43,2
1971,7,"South",33.4545454545455,11
1971,7,"West",22.1111111111111,18
1971,8,"North",38,4
1971,8,"South",39.5,22
1971,8,"West",22.2592592592593,27
1971,9,"North",51.5,2
1971,9,"South",48.3636363636364,11
1971,9,"West",33.5238095238095,21
1971,10,"North",79,2
1971,10,"South",73.2727272727273,11
1971,10,"West",37.5238095238095,21
1971,11,"North",42.5,2
1971,11,"South",74.7272727272727,11
1971,11,"West",50.9047619047619,21
1971,12,"North",28,1
1971,12,"South",35.5454545454545,11
1971,12,"West",23.0952380952381,21
1972,1,"North",59,1
1972,1,"South",59.1111111111111,9
1972,1,"West",36.7666666666667,30
1972,2,"North",40.6666666666667,3
1972,2,"South",43.8,10
1972,2,"West",35.6666666666667,12
1972,3,"North",21.6666666666667,3
1972,3,"South",38.7,10
1972,3,"West",36.4285714285714,21
1972,6,"North",47,1
1972,6,"South",48.4545454545455,11
1972,6,"West",42.4615384615385,13
1972,7,"North",53.5,4
1972,7,"South",52.6896551724138,29
1972,7,"West",45.1785714285714,28
1972,8,"North",54.8,5
1972,8,"South",48.0666666666667,15
1972,8,"West",36.4,35
1972,9,"North",55,3
1972,9,"South",51.8181818181818,11
1972,9,"West",34.5714285714286,21
1972,10,"North",56.6666666666667,3
1972,10,"South",50.0909090909091,11
1972,10,"West",34,21
1972,11,"North",59,2
1972,11,"South",59.375,8
1972,11,"West",34.6190476190476,21
1972,12,"North",59,2
1972,12,"South",59,8
1972,12,"West",31.1428571428571,21
1973,1,"North",12.5,2
1973,1,"South",27,8
1973,1,"West",25.1052631578947,19
1973,3,"South",42.1111111111111,9
1973,3,"West",23.9047619047619,21
1973,6,"North",52,2
1973,6,"South",34.8181818181818,11
1973,6,"West",25.9285714285714,14
1973,7,"North",57.5,4
1973,7,"South",33.2272727272727,22
1973,7,"West",26.6071428571429,28
1973,9,"North",48.6666666666667,3
1973,9,"South",49.2727272727273,11
1973,9,"West",28.8484848484848,33
1973,10,"North",67.6666666666667,3
1973,10,"South",53.4545454545455,11
1973,10,"West",43.55,20
1973,11,"North",59.3333333333333,3
1973,11,"South",48.3,10
1973,11,"West",41.4285714285714,21
1973,12,"North",55,3
1973,12,"South",60.25,8
1973,12,"West",39.9523809523809,21
1974,1,"North",30,1
1974,1,"South",48,2
1974,1,"West",41.8928571428571,28
1974,6,"North",50.5,2
1974,6,"South",31.9090909090909,11
1974,6,"West",26,14
1974,7,"North",62.25,4
1974,7,"South",37.9047619047619,21
1974,7,"West",27.1785714285714,28
1974,10,"North",65,3
1974,10,"South",64,1
1974,10,"West",33.21875,32
1974,11,"North",21.6666666666667,3
1974,11,"South",44,2
1974,11,"West",37.6666666666667,30
1974,12,"North",36,1
1974,12,"South",40.5,2
1974,12,"West",34.7037037037037,27
1975,1,"North",60,3
1975,1,"South",54.625,8
1975,1,"West",41.8888888888889,9
1975,2,"North",21.6666666666667,3
1975,2,"South",49,11
1975,2,"West",37.6666666666667,9
1975,3,"North",22,3
1975,3,"South",29.5833333333333,12
1975,3,"West",19.8888888888889,9
1975,4,"North",27.3333333333333,6
1975,4,"South",31.7083333333333,24
1975,4,"West",23.8888888888889,18
1975,5,"North",41,6
1975,5,"South",39.5,24
1975,5,"West",30.8333333333333,18
1975,6,"North",49.5,6
1975,6,"South",34.3870967741936,31
1975,6,"West",32.4705882352941,17
1975,7,"North",49.5454545454545,11
1975,7,"South",37.66,50
1975,7,"West",27.859649122807,57
1975,8,"North",41.8333333333333,6
1975,8,"South",39.7272727272727,33
1975,8,"West",25.2121212121212,33
1975,9,"North",53.5555555555556,9
1975,9,"South",50.4871794871795,39
1975,9,"West",28.34,50
1976,1,"North",75.3333333333333,3
1976,1,"South",62.3333333333333,12
1976,1,"West",70.5,8
1976,2,"North",72.6666666666667,3
1976,2,"South",62.5833333333333,12
1976,2,"West",47.875,8
1976,3,"North",45.6666666666667,6
1976,3,"South",49.64,25
1976,3,"West",29.0625,16
1976,4,"North",56.5,6
1976,4,"South",49.9615384615385,26
1976,4,"West",25.3125,16
1976,5,"North",71.8322150067195,149
1976,5,"South",39.44,25
1976,5,"West",26.4000000754992,75
1976,6,"North",80.0086706042979,346
1976,6,"South",40.0909090909091,22
1976,6,"West",29.3743318845244,187
1976,7,"North",77.7019226573981,104
1976,7,"South",45.1034482758621,58
1976,7,"West",35.065217466458,92
1976,8,"North",50.5,6
1976,8,"South",43.0769230769231,26
1976,8,"West",37.3571428571429,28
1976,9,"North",52,6
1976,9,"South",53.3076923076923,26
1976,9,"West",50.4375,16
1976,10,"North",65.75,8
1976,10,"South",54.9655172413793,29
1976,10,"West",38.8571428571429,49
1976,11,"North",65,3
1976,11,"South",59.125,16
1976,11,"West",37.2926829268293,41
1976,12,"North",70,4
1976,12,"South",72.2,15
1976,12,"West",47.4634146341463,41
1977,1,"North",49.6666666666667,6
1977,1,"South",60.0769230769231,26
1977,1,"West",49.7948717948718,39
1977,2,"North",63,3
1977,2,"South",56.8461538461538,13
1977,2,"West",60.75,8
1977,3,"North",43.8333333333333,6
1977,3,"South",44.4,25
1977,3,"West",37.125,16
1977,4,"North",41.6666666666667,6
1977,4,"South",38.2307692307692,26
1977,4,"West",35.625,16
1977,5,"North",67.8177780246735,450
1977,5,"South",40.8846153846154,26
1977,5,"West",55.5265956058147,188
1977,6,"North",73.7890910122611,550
1977,6,"South",50.3333333333333,36
1977,6,"West",56.8634538846801,249
1977,7,"North",66.333333639451,81
1977,7,"South",46.3617021276596,47
1977,7,"West",51.3255813953488,43
1977,8,"North",47.875,8
1977,8,"South",44.4,35
1977,8,"West",48.3666666666667,30
1977,9,"North",45.2857142857143,14
1977,9,"South",51.0540540540541,37
1977,9,"West",55.0612244897959,49
1977,10,"North",58.5714285714286,7
1977,10,"South",64.0810810810811,37
1977,10,"West",52.6370365778605,135
1977,11,"North",60.25,8
1977,11,"South",65.6153846153846,26
1977,11,"West",57.7755101894846,49
1977,12,"North",73,3
1977,12,"South",62.9230769230769,13
1977,12,"West",57.125,8
1978,1,"North",7.42857142857143,7
1978,1,"South",20.3571428571429,28
1978,1,"West",15.5227272727273,44
1978,2,"North",12.3333333333333,3
1978,2,"South",21.1538461538462,13
1978,2,"West",18,9
1978,3,"North",16.5714285714286,7
1978,3,"South",30.8461538461538,26
1978,3,"West",17.1818181818182,44
1978,4,"North",33.6666666666667,6
1978,4,"South",40.76,25
1978,4,"West",34.3193278292648,119
1978,5,"North",34,6
1978,5,"South",36.0454545454545,22
1978,5,"West",33.9439250776701,107
1978,6,"North",62.9850745201111,134
1978,6,"South",32.6486486486486,37
1978,6,"West",24.9072165191174,194
1978,7,"North",39.2,10
1978,7,"South",36.2708333333333,48
1978,7,"West",24.1739130434783,46
1978,8,"North",48.6666666666667,6
1978,8,"South",36.88,25
1978,8,"West",25.1111111111111,18
1978,9,"North",42,17
1978,9,"South",47.675,40
1978,9,"West",22.0196078431373,51
1978,10,"North",36.9285714285714,14
1978,10,"South",51.6923076923077,39
1978,10,"West",55.6530612244898,49
1978,11,"North",44.5833333333333,12
1978,11,"South",60.1071428571429,28
1978,11,"West",63.8333333333333,42
1978,12,"North",40.25,12
1978,12,"South",60.3703703703704,27
1978,12,"West",62.0769230769231,39
1979,1,"North",24,3
1979,1,"South",31.2307692307692,13
1979,1,"West",27.25,8
1979,2,"North",37.1818181818182,11
1979,2,"South",41.36,25
1979,2,"West",28.5,34
1979,3,"North",39.5,6
1979,3,"South",44.6538461538462,26
1979,3,"West",37.5,18
1979,4,"North",36.1666666666667,6
1979,4,"South",44.04,25
1979,4,"West",29.8210528034913,95
1979,5,"North",45.5,6
1979,5,"South",37.6153846153846,26
1979,5,"West",24.1875000558794,96
1979,6,"North",73.9805825011244,103
1979,6,"South",34.3,20
1979,6,"West",25.0564102197305,195
1979,7,"North",43.25,12
1979,7,"South",36.0526315789474,57
1979,7,"West",22.2545456279408,55
1979,8,"North",52.8333333333333,6
1979,8,"South",42.6538461538462,26
1979,8,"West",26.8571428571429,28
1979,9,"North",51.5,6
1979,9,"South",50.32,25
1979,9,"West",37.6923076923077,13
1979,10,"North",73.4117647058823,17
1979,10,"South",53.0512820512821,39
1979,10,"West",25.02,50
1979,11,"North",63.7142857142857,14
1979,11,"South",64.8571428571429,21
1979,11,"West",28.4651162790698,43
1979,12,"North",63.9285714285714,14
1979,12,"South",58.0952380952381,21
1979,12,"West",30.75,40
1980,1,"West",27.6666673173507,24
1980,2,"North",34,3
1980,2,"South",29.4,10
1980,2,"West",24.3728812912763,59
1980,3,"North",27.1666666666667,6
1980,3,"South",40.08,25
1980,3,"West",27.4117647724993,68
1980,4,"North",61.3333333333333,6
1980,4,"South",47.6,25
1980,4,"West",31.5725805769043,124
1980,5,"North",65.6666666666667,6
1980,5,"South",49.1363636363636,22
1980,5,"West",29.1538460429732,143
1980,6,"North",71.7950814786504,244
1980,6,"South",43.3636363636364,22
1980,6,"West",26.303278827765,244
1980,7,"North",62.4,10
1980,7,"South",43.7090909090909,55
1980,7,"West",21.5714285714286,84
1980,8,"North",59.25,8
1980,8,"South",47.8666666666667,30
1980,8,"West",24.25,60
1980,9,"North",68.3,10
1980,9,"South",51.9210526315789,38
1980,9,"West",28.032967032967,91
1980,10,"North",59,6
1980,10,"South",52.2307692307692,26
1980,10,"West",26.4375,16
1980,11,"North",61.3333333333333,3
1980,11,"South",63.3076923076923,13
1980,11,"West",34.8888888888889,9
1980,12,"North",88,1
1980,12,"South",49.2,5
1980,12,"West",43,2
1981,1,"North",63.3333333333333,3
1981,1,"South",64.5384615384615,13
1981,1,"West",28.7608695652174,46
1981,2,"North",34.6666666666667,3
1981,2,"South",39.2307692307692,13
1981,2,"West",19.1282051282051,39
1981,3,"North",30,6
1981,3,"South",49.4782608695652,23
1981,3,"West",21.948275862069,58
1981,4,"North",61.1666666666667,6
1981,4,"South",47.8846153846154,26
1981,4,"West",22.8252428793213,103
1981,5,"North",54.3333333333333,6
1981,5,"South",38.3846153846154,26
1981,5,"West",28.5104164158305,96
1981,6,"North",83.184930984288,146
1981,6,"South",41,37
1981,6,"West",25.2941174706992,170
1981,7,"North",48.6666666666667,9
1981,7,"South",44.3555555555556,45
1981,7,"West",29.75641029309,78
1981,8,"North",60.5,6
1981,8,"South",53.9583333333333,24
1981,8,"West",26.8048780487805,41
1981,9,"North",54.1818181818182,11
1981,9,"South",55.625,40
1981,9,"West",31.9054054054054,74
1981,10,"North",76.9090909090909,11
1981,10,"South",57.5263157894737,38
1981,10,"West",26.5145629846934,103
1981,11,"North",77.875,8
1981,11,"South",55.72,25
1981,11,"West",32.9900990299659,101
1981,12,"North",34,8
1981,12,"South",56.56,25
1981,12,"West",30.6201549204745,129
1982,1,"North",44,3
1982,1,"South",37,13
1982,1,"West",25.1142857142857,35
1982,2,"North",33,3
1982,2,"South",39.2307692307692,13
1982,2,"West",27.1666666666667,36
1982,3,"North",40.8333333333333,6
1982,3,"South",55.9230769230769,26
1982,3,"West",29.9574468085106,47
1982,4,"North",20.6666666666667,3
1982,4,"South",50.1764705882353,17
1982,4,"West",26.6184208722491,76
1982,5,"North",52.3333333333333,3
1982,5,"South",56.4615384615385,13
1982,5,"West",43.0392154517516,153
1982,6,"North",59.125,8
1982,6,"South",42.5675675675676,37
1982,6,"West",33.8124998286367,176
1982,7,"North",68.5,10
1982,7,"South",44.9166666666667,48
1982,7,"West",23.6447368421053,76
1982,8,"North",53.5714285714286,7
1982,8,"South",41.972972972973,37
1982,8,"West",21.75,56
1982,9,"North",64.5,12
1982,9,"South",56.75,40
1982,9,"West",30.675,80
1982,10,"North",58.2727272727273,11
1982,10,"South",64.3888888888889,36
1982,10,"West",41.5584415584416,77
1982,11,"North",47.7777777777778,9
1982,11,"South",63.24,25
1982,11,"West",46.1506849315069,73
1982,12,"North",40.6666666666667,6
1982,12,"South",46.4736842105263,19
1982,12,"West",27.5396825396825,63
1983,1,"North",30,3
1983,1,"South",36,12
1983,1,"West",24.2162162162162,37
1983,2,"North",25.3333333333333,3
1983,2,"South",31.6923076923077,13
1983,2,"West",24.1785714285714,28
1983,3,"North",21.3333333333333,3
1983,3,"South",36.4615384615385,13
1983,3,"West",18.2,35
1983,4,"North",18.6666666666667,3
1983,4,"South",52.6666666666667,12
1983,4,"West",31.8514854447676,101
1983,5,"North",29.6666666666667,3
1983,5,"South",53.5384615384615,13
1983,5,"West",42.5961536658116,156
1983,6,"North",59.3333333333333,3
1983,6,"South",44.6923076923077,13
1983,6,"West",41.837988362632,179
1983,7,"North",63.2857142857143,7
1983,7,"South",42.7608695652174,46
1983,7,"West",35.2205881406279,68
1983,8,"North",64.75,4
1983,8,"South",44,22
1983,8,"West",29.8166666666667,60
1983,9,"North",65.8888888888889,9
1983,9,"South",59.4666666666667,30
1983,9,"West",45.8448275862069,58
1983,10,"North",83.75,12
1983,10,"South",69.3030303030303,33
1983,10,"West",36.9428571428571,70
1983,11,"North",68.75,8
1983,11,"South",61.9655172413793,29
1983,11,"West",33.2753623188406,69
1983,12,"North",28.75,8
1983,12,"South",37.5,24
1983,12,"West",28.969696969697,66
1984,1,"North",37.6666666666667,3
1984,1,"South",43.7272727272727,11
1984,1,"West",33.25,32
1984,2,"North",70,3
1984,2,"South",78.8181818181818,11
1984,2,"West",37.53125,32
1984,3,"North",65.6666666666667,3
1984,3,"South",68.6363636363636,11
1984,3,"West",41.2962962962963,27
1984,4,"North",76.3333333333333,3
1984,4,"South",69.3636363636364,11
1984,4,"West",50.6458332973222,96
1984,5,"North",58.6666666666667,3
1984,5,"South",54.1818181818182,11
1984,5,"West",35.528925999137,121
1984,6,"North",68,3
1984,6,"South",42.9090909090909,11
1984,6,"West",35.7213118154495,61
1984,7,"North",62.375,8
1984,7,"South",47.6279069767442,43
1984,7,"West",33.7758620381355,58
1984,8,"North",69.3333333333333,6
1984,8,"South",53.5909090909091,22
1984,8,"West",36.0555555555556,36
1984,9,"North",84.1666666666667,12
1984,9,"South",76.1621621621622,37
1984,9,"West",38.0923076923077,65
1984,10,"North",80.5555555555556,9
1984,10,"South",67.2142857142857,28
1984,10,"West",48.4032258064516,62
1984,11,"North",48.6666666666667,9
1984,11,"South",60.2083333333333,24
1984,11,"West",49.3333333333333,60
1984,12,"North",23.1428571428571,7
1984,12,"South",54,13
1984,12,"West",34.5957446808511,47
1985,1,"North",97.3333333333333,3
1985,1,"South",81,12
1985,1,"West",57.5714285714286,14
1985,2,"North",44.6666666666667,3
1985,2,"South",75.3333333333333,12
1985,2,"West",48.6333333333333,30
1985,3,"North",93.5,4
1985,3,"South",86.6,20
1985,3,"West",36.9032258064516,31
1985,4,"North",81,6
1985,4,"South",82.5833333333333,24
1985,4,"West",42.9262297681121,122
1985,5,"North",73.8333333333333,6
1985,5,"South",50.2916666666667,24
1985,5,"West",32.3888891729308,324
1985,6,"North",56.5714285714286,7
1985,6,"South",47.3142857142857,35
1985,6,"West",35.7682928719172,82
1985,7,"North",58.375,8
1985,7,"South",60.9555555555556,45
1985,7,"West",35.1756756756757,74
1985,8,"North",70.1666666666667,6
1985,8,"South",68,24
1985,8,"West",36.0714285714286,42
1985,9,"North",64.8,10
1985,9,"South",74.4722222222222,36
1985,9,"West",51.203125,64
1985,10,"North",83.75,8
1985,10,"South",63.4666666666667,15
1985,10,"West",38.5172413793103,58
1985,11,"North",78.625,8
1985,11,"South",70.3571428571429,14
1985,11,"West",40.8793103448276,58
1985,12,"North",38.375,8
1985,12,"South",50.5625,16
1985,12,"West",33.1063829787234,47
1986,1,"North",80.6666666666667,3
1986,1,"South",80.9090909090909,11
1986,1,"West",55.8947368421053,19
1986,2,"North",26,3
1986,2,"South",61,12
1986,2,"West",27.741935483871,31
1986,3,"North",16.6666666666667,3
1986,3,"South",41.1818181818182,11
1986,3,"West",21.0789473684211,38
1986,4,"North",46,3
1986,4,"South",51.5,12
1986,4,"West",38.8189658954226,116
1986,5,"North",57.3333333333333,3
1986,5,"South",44.6666666666667,15
1986,5,"West",31.711920641116,302
1986,6,"North",42.5,8
1986,6,"South",36.2285714285714,35
1986,6,"West",25.8999997138977,190
1986,7,"North",43.1666666666667,6
1986,7,"South",41.5294117647059,34
1986,7,"West",26.72,50
1986,8,"North",49,6
1986,8,"South",40.7083333333333,24
1986,8,"West",22.9565217391304,23
1986,9,"North",38.0833333333333,12
1986,9,"South",39.075,40
1986,9,"West",28.5479452054795,73
1986,10,"North",67.25,12
1986,10,"South",78.1025641025641,39
1986,10,"West",55.0641025641026,78
1986,11,"North",94.8888888888889,9
1986,11,"South",95.7647058823529,17
1986,11,"West",75.2352941176471,51
1986,12,"North",52.1111111111111,9
1986,12,"South",76,18
1986,12,"West",52.28,50
1987,1,"North",72,3
1987,1,"South",80,11
1987,1,"West",38.875,24
1987,2,"North",48,3
1987,2,"South",75.7272727272727,11
1987,2,"West",35.8275862068966,29
1987,3,"North",62,3
1987,3,"South",66.5,12
1987,3,"West",32.5333333333333,30
1987,4,"North",62.6666666666667,6
1987,4,"South",66.9166666666667,24
1987,4,"West",28.826315893625,190
1987,5,"North",66.1666666666667,6
1987,5,"South",57.4166666666667,24
1987,5,"West",38.3706066901692,313
1987,6,"North",48,8
1987,6,"South",52.8409090909091,44
1987,6,"West",35.830188656753,106
1987,7,"North",44.5714285714286,7
1987,7,"South",48.8571428571429,35
1987,7,"West",34.4042553191489,47
1987,8,"North",53.3333333333333,6
1987,8,"South",56.5416666666667,24
1987,8,"West",32.4324324324324,37
1987,9,"North",61.8333333333333,12
1987,9,"South",60.45,40
1987,9,"West",39.8676470588235,68
1987,10,"North",53.875,8
1987,10,"South",51.1785714285714,28
1987,10,"West",27.4375,64
1987,11,"North",57.4444444444444,9
1987,11,"South",63.0714285714286,28
1987,11,"West",36.2131147540984,61
1987,12,"North",67.2222222222222,9
1987,12,"South",67.3333333333333,12
1987,12,"West",43.4126984126984,63
1988,1,"North",20.6666666666667,3
1988,1,"South",47.5833333333333,12
1988,1,"West",32.8333333333333,24
1988,2,"North",77,3
1988,2,"South",75.5833333333333,12
1988,2,"West",31.1785714285714,28
1988,3,"North",66.3333333333333,6
1988,3,"South",75,23
1988,3,"West",31.9666666666667,30
1988,4,"North",61.7460311594463,126
1988,4,"South",76.695652173913,23
1988,4,"West",39.7044025029776,159
1988,5,"North",65.4142013414372,169
1988,5,"South",55.0833333333333,24
1988,5,"West",38.6443597171776,523
1988,6,"North",74.9020974285953,143
1988,6,"South",39.6,35
1988,6,"West",37.8950817076886,305
1988,7,"North",50.4444444444444,9
1988,7,"South",46.4565217391304,46
1988,7,"West",37.9450545782571,182
1988,8,"North",60,7
1988,8,"South",50.7428571428571,35
1988,8,"West",33,53
1988,9,"North",65.75,12
1988,9,"South",68.1219512195122,41
1988,9,"West",38.0416666666667,72
1988,10,"North",68.3333333333333,12
1988,10,"South",81.6585365853659,41
1988,10,"West",48.5588235294118,68
1988,11,"North",79,12
1988,11,"South",88.8181818181818,33
1988,11,"West",60.1492537313433,67
1988,12,"North",51.2222222222222,9
1988,12,"South",64.8461538461538,26
1988,12,"West",51.4918032786885,61
1989,1,"North",56.6666666666667,3
1989,1,"South",72,10
1989,1,"West",35.7142857142857,14
1989,2,"North",78,3
1989,2,"South",103.166666666667,12
1989,2,"West",41.0384615384615,26
1989,3,"North",26.6666666666667,3
1989,3,"South",62.6666666666667,12
1989,3,"West",31.7241379310345,29
1989,4,"North",72.3623187369195,69
1989,4,"South",72.5294117647059,17
1989,4,"West",30.0913462564349,208
1989,5,"North",75.5499998768171,180
1989,5,"South",54.125,24
1989,5,"West",30.3569234400529,325
1989,6,"North",76.1441448099978,111
1989,6,"South",41.6857142857143,35
1989,6,"West",33.4660768129129,339
1989,7,"North",59,7
1989,7,"South",52.7428571428571,35
1989,7,"West",32.7027027027027,37
1989,8,"North",74.3333333333333,6
1989,8,"South",60.3333333333333,24
1989,8,"West",30.9189189189189,37
1989,9,"North",54.5833333333333,12
1989,9,"South",70.9512195121951,41
1989,9,"West",36.4461538461538,65
1989,10,"North",67.8333333333333,12
1989,10,"South",80.0731707317073,41
1989,10,"West",37.0294117647059,68
1989,11,"North",71.6666666666667,9
1989,11,"South",92.3571428571429,28
1989,11,"West",48.5409836065574,61
1989,12,"North",53.125,8
1989,12,"South",85.9090909090909,11
1989,12,"West",45,56
1990,1,"North",22.6666666666667,3
1990,1,"South",78,12
1990,1,"West",35.1034482758621,29
1990,2,"North",63.9324329600141,74
1990,2,"South",62.6363636363636,11
1990,2,"West",31.56,25
1990,3,"North",79.1785716201578,56
1990,3,"South",89.8333333333333,12
1990,3,"West",31.5806451612903,31
1990,4,"North",70.6666666666667,6
1990,4,"South",84.875,24
1990,4,"West",35.6507178579221,209
1990,5,"North",70.6666666666667,6
1990,5,"South",53.6521739130435,23
1990,5,"West",37.5448506983412,301
1990,6,"North",64.125,8
1990,6,"South",56.6285714285714,35
1990,6,"West",35.7663550271052,214
1990,7,"North",66.4444444444444,9
1990,7,"South",64.5,46
1990,7,"West",32.4927536231884,69
1990,8,"North",62.6666666666667,6
1990,8,"South",66.3333333333333,24
1990,8,"West",28.3684210526316,38
1990,9,"North",60.2666666666667,15
1990,9,"South",75.325,40
1990,9,"West",42.1764705882353,68
1990,10,"North",66.4166666666667,12
1990,10,"South",74.3658536585366,41
1990,10,"West",54.1428571428571,49
1990,11,"North",65.4444444444444,9
1990,11,"South",84.8214285714286,28
1990,11,"West",54.8636363636364,44
1990,12,"North",81.1111111111111,9
1990,12,"South",108.925925925926,27
1990,12,"West",59.52,50
1991,1,"North",94.15,20
1991,1,"South",100.714285714286,35
1991,1,"West",58.3538461538462,65
1991,2,"North",73.9411764705882,17
1991,2,"South",92.1351351351351,37
1991,2,"West",47.3684210526316,57
1991,3,"North",33.0454545454545,22
1991,3,"South",58.625,48
1991,3,"West",34.1780821917808,73
1991,4,"North",61.0945952131942,74
1991,4,"South",53,24
1991,4,"West",32.7215188907672,237
1991,5,"North",65.885496028507,131
1991,5,"South",62.25,24
1991,5,"West",31.7572256268104,346
1991,6,"North",63.8000000143051,50
1991,6,"South",58.1428571428571,35
1991,6,"West",33.2385790789793,197
1991,7,"North",50.7777777777778,9
1991,7,"South",60.6938775510204,49
1991,7,"West",34.0757575757576,66
1991,8,"North",50.875,8
1991,8,"South",57.5833333333333,24
1991,8,"West",32.3829787234043,47
1991,9,"North",53.2105263157895,19
1991,9,"South",65.5,48
1991,9,"West",39.4507042253521,71
1991,10,"North",70.9230769230769,13
1991,10,"South",93.6896551724138,29
1991,10,"West",58.1836734693878,49
1991,11,"North",74.6923076923077,13
1991,11,"South",96.4137931034483,29
1991,11,"West",51.3333333333333,57
1991,12,"North",87.5,12
1991,12,"South",116.344827586207,29
1991,12,"West",56.8947368421053,57
1992,1,"North",90.2567559061823,148
1992,1,"South",105.135135135135,37
1992,1,"West",59.2586206896552,58
1992,2,"North",61.258536596996,205
1992,2,"South",95.1666666666667,36
1992,2,"West",56.5970149253731,67
1992,3,"North",38.2756755219923,185
1992,3,"South",61.7755102040816,49
1992,3,"West",35.1830985915493,71
1992,4,"North",53,8
1992,4,"South",68.3333333333333,24
1992,4,"West",36.3987139011119,311
1992,5,"North",84.5135124137809,111
1992,5,"South",51,24
1992,5,"West",39.4298507117513,335
1992,6,"North",88.7052635744998,95
1992,6,"South",57.0597014925373,67
1992,6,"West",41.5970872872084,206
1992,7,"North",62.3333333333333,9
1992,7,"South",59.4857142857143,35
1992,7,"West",39.9259259259259,54
1992,8,"North",64.5,8
1992,8,"South",65.75,24
1992,8,"West",36.425,40
1992,9,"North",65.6249994039536,96
1992,9,"South",76.4166666666667,48
1992,9,"West",45.625,72
1992,10,"North",70.1111111111111,18
1992,10,"South",89.3541666666667,48
1992,10,"West",50.527027027027,74
1992,11,"North",70.9285714285714,14
1992,11,"South",104.636363636364,33
1992,11,"West",59.3392857142857,56
1992,12,"North",91.0000003524449,46
1992,12,"South",133.555555555556,36
1992,12,"West",58.7931034482759,58
1993,1,"North",21.4620251602764,158
1993,1,"South",26.5135135135135,37
1993,1,"West",33.4107142857143,56
1993,2,"North",23.2052631574242,190
1993,2,"South",25.6944444444444,36
1993,2,"West",21.046875,64
1993,3,"North",41.4593497131898,246
1993,3,"South",66.1621621621622,37
1993,3,"West",25.7936507936508,63
1993,4,"North",47.7699112058741,226
1993,4,"South",69.6756756756757,37
1993,4,"West",42.0343748223036,320
1993,5,"North",83.1085970800926,221
1993,5,"South",61.7837837837838,37
1993,5,"West",36.9808217639792,365
1993,6,"North",56.354544858499,110
1993,6,"South",52.695652173913,23
1993,6,"West",36.1549815916047,271
1993,7,"North",68.9090909090909,11
1993,7,"South",56.195652173913,46
1993,7,"West",28.8333333426466,96
1993,8,"North",69.3181818181818,22
1993,8,"South",64.6756756756757,37
1993,8,"West",32.1212121212121,66
1993,9,"North",70.5952388076555,42
1993,9,"South",66.1081081081081,37
1993,9,"West",36.25,64
1993,10,"North",90.896226518559,106
1993,10,"South",92.0652173913043,46
1993,10,"West",66.0416666666667,72
1993,11,"North",88.8600001907349,100
1993,11,"South",96.8108108108108,37
1993,11,"West",56.0701754385965,57
1993,12,"North",62.2156862265923,102
1993,12,"South",93.9166666666667,36
1993,12,"West",57.8103448275862,58
1994,1,"North",94.386075995391,158
1994,1,"South",109.055555555556,36
1994,1,"West",59.2780749389832,187
1994,2,"North",52.7134502972776,171
1994,2,"South",84.9444444444444,36
1994,2,"West",51.3388887418641,180
1994,3,"North",75.760638219245,188
1994,3,"South",88.5675675675676,37
1994,3,"West",40.5663265160152,196
1994,4,"North",93.9005524861879,181
1994,4,"South",70.1139239782019,79
1994,4,"West",38.9817627869478,329
1994,5,"North",91.1705426301143,129
1994,5,"South",41.1655170177591,145
1994,5,"West",29.0076531123142,392
1994,6,"North",104.95604298665,91
1994,6,"South",49.1739132162453,69
1994,6,"West",31.0532319169534,263
1994,7,"North",60.5,14
1994,7,"South",70.8979591836735,49
1994,7,"West",29.4235294117647,85
1994,8,"North",80.32,25
1994,8,"South",82.675,40
1994,8,"West",40.0138888888889,72
1994,9,"North",89.4328356073863,67
1994,9,"South",80.9423076923077,52
1994,9,"West",43.3846153846154,78
1994,10,"North",162.097014975192,134
1994,10,"South",87.09375,32
1994,10,"West",42.4354838709677,62
1994,11,"North",155.801887890078,106
1994,11,"South",93.8648648648649,37
1994,11,"West",65.8418079776279,177
1994,12,"North",88.0694434013631,144
1994,12,"South",91.5135135135135,37
1994,12,"West",57.7861842069971,304
1995,1,"North",27.4296296234484,135
1995,1,"South",39.4594594594595,37
1995,1,"West",20.6115942127031,345
1995,2,"North",32.7746479032745,142
1995,2,"South",53.275,40
1995,2,"West",26.1450000439584,200
1995,3,"North",32.0133333214124,150
1995,3,"South",45.8974358974359,39
1995,3,"West",27.2818532316841,259
1995,4,"North",39.3940884926049,203
1995,4,"South",72.1538461538462,52
1995,4,"West",34.4159020440659,327
1995,5,"North",48.5944053782867,286
1995,5,"South",79.5945945945946,37
1995,5,"West",40.2334150896026,407
1995,6,"North",59.5588235758683,136
1995,6,"South",66.054054054054,37
1995,6,"West",41.539062309855,384
1995,7,"North",71.6204381772201,137
1995,7,"South",63.8513513513514,74
1995,7,"West",41.2173912323615,207
1995,8,"North",67.1145035583554,131
1995,8,"South",72.027027027027,37
1995,8,"West",31.8711111696561,225
1995,9,"North",67.9379309572023,145
1995,9,"South",82.9230769230769,39
1995,9,"West",37.6994218953772,173
1995,10,"North",137.310160852371,187
1995,10,"South",95.9230769230769,39
1995,10,"West",49.5777774665091,180
1995,11,"North",110.925531748762,188
1995,11,"South",108.891891891892,37
1995,11,"West",51.0930231736843,172
1995,12,"North",79.4662572865837,163
1995,12,"South",95.7222222222222,36
1995,12,"West",50.4840762157729,314
1996,1,"North",37.9782607946707,230
1996,1,"South",65.15625,32
1996,1,"West",30.0387324225945,284
1996,2,"North",28.8322581125844,155
1996,2,"South",56.6666666666667,33
1996,2,"West",23.257042235262,284
1996,3,"North",30.8407643053942,157
1996,3,"South",68.7272727272727,33
1996,3,"West",28.1914191409306,303
1996,4,"North",57.4695652628291,345
1996,4,"South",46.049122654346,285
1996,4,"West",43.086309386506,336
1996,5,"North",59.664335758536,286
1996,5,"South",45.1677214484426,316
1996,5,"West",36.3515981230289,438
1996,6,"North",70.2735044130912,117
1996,6,"South",38.248945207284,237
1996,6,"West",31.2352940773263,136
1996,7,"North",83.8591549161454,142
1996,7,"South",79.3333333333333,51
1996,7,"West",30.2340425690438,94
1996,8,"North",75.953020079824,149
1996,8,"South",89.969696969697,33
1996,8,"West",32.1200000111262,75
1996,9,"North",68.2356686151711,157
1996,9,"South",47.4999999488528,148
1996,9,"West",39.4444444444444,72
1996,10,"North",93.977528006843,178
1996,10,"South",79.025641025641,39
1996,10,"West",46.6697247968901,109
1996,11,"North",111.839805472244,206
1996,11,"South",102.666666666667,39
1996,11,"West",42.0568181520159,88
1996,12,"North",66.8596489265822,285
1996,12,"South",86.1842105263158,38
1996,12,"West",39.5806450773311,93
1997,1,"North",12.3589744208715,39
1997,1,"South",27.6,5
1997,1,"West",13.5684210425929,190
1997,2,"North",20.391025666243,156
1997,2,"South",34.6129032258064,31
1997,2,"West",20.0620437706039,274
1997,3,"North",33.9533334195614,150
1997,3,"South",57.2249998822808,80
1997,3,"West",26.8857143110159,245
1997,4,"North",58.5333331939502,195
1997,4,"South",51.898113046952,265
1997,4,"West",19.5337079283729,356
1997,5,"North",59.8071064047402,197
1997,5,"South",44.2704225046534,355
1997,5,"West",21.3036530048471,438
1997,6,"North",50.0510947086515,137
1997,6,"South",39.459016676809,183
1997,6,"West",23.1506849495719,292
1997,7,"North",52.4859810265425,107
1997,7,"South",73.5476190476191,42
1997,7,"West",27.9032258160653,186
1997,8,"North",57.1639341858567,122
1997,8,"South",77.3636363636364,33
1997,8,"West",30.0632184665093,174
1997,9,"North",60.836363157359,110
1997,9,"South",91,33
1997,9,"West",42.2071427941322,140
1997,10,"North",97.6523603165098,233
1997,10,"South",55.314285610971,105
1997,10,"West",43.8249999374151,80
1997,11,"North",87.8333329684366,246
1997,11,"South",59.3986012243724,143
1997,11,"West",47.7927925565221,111
1997,12,"North",46.1599999494212,175
1997,12,"South",48.6767677821294,99
1997,12,"West",35.4802867225421,279
1998,1,"North",33.3529414096299,85
1998,1,"South",54.4545454545455,33
1998,1,"West",23.9929824967133,285
1998,2,"North",15.9749999962747,40
1998,2,"South",31.625,8
1998,2,"West",16.146153888221,130
1998,3,"North",21.8455882355132,136
1998,3,"South",57.7878787878788,33
1998,3,"West",24.3220339140902,236
1998,4,"North",35.9606298968548,127
1998,4,"South",45.1902652330103,226
1998,4,"West",37.4954127807409,436
1998,5,"North",41.9912278798588,114
1998,5,"South",36.6413504088981,237
1998,5,"West",41.3569180758307,636
1998,6,"North",37.3402776358028,144
1998,6,"South",34.9621214631832,264
1998,6,"West",32.8296296523677,270
1998,7,"North",51.05,20
1998,7,"South",48.359375,64
1998,7,"West",30.9433962264151,106
1998,8,"North",56,16
1998,8,"South",66.0909090909091,33
1998,8,"West",29.2916666666667,72
1998,9,"North",52.7303367719222,89
1998,9,"South",68.7272727272727,33
1998,9,"West",32.900662162446,151
1998,10,"North",83.9325840808033,178
1998,10,"South",83.2121212121212,33
1998,10,"West",62.6296295488953,189
1998,11,"North",75.7754012017964,187
1998,11,"South",89.2121212121212,33
1998,11,"West",58.8538009939138,171
1998,12,"North",28.6640624781139,128
1998,12,"South",67.5151515151515,33
1998,12,"West",30.833846107813,325
1999,1,"North",59.6216217219024,148
1999,1,"South",63.5145629441854,103
1999,1,"West",49.0380950810417,315
1999,2,"North",34.5492958783264,142
1999,2,"South",45.853846100202,130
1999,2,"West",36.3068180941045,176
1999,3,"North",39.9814813484748,216
1999,3,"South",58.3450292104866,171
1999,3,"West",40.4739884227687,173
1999,4,"North",47.0705392029276,241
1999,4,"South",48.6816324477293,245
1999,4,"West",36.3578679246951,394
1999,5,"North",56.8017238995125,116
1999,5,"South",49.5732214430885,239
1999,5,"West",29.1191490089006,470
1999,6,"North",61.9241377172799,145
1999,6,"South",42.00854683712,234
1999,6,"West",23.8941800241117,189
1999,7,"North",72.8682169479917,129
1999,7,"South",56.0555555555556,54
1999,7,"West",25.2767857158823,112
1999,8,"North",64.9761906616272,126
1999,8,"South",63.5909090909091,22
1999,8,"West",29.802816905606,71
1999,9,"North",67.5434783878534,92
1999,9,"South",78.9393939393939,33
1999,9,"West",34.3398057662168,103
1999,10,"North",73.8471338809675,157
1999,10,"South",75.8333333333333,30
1999,10,"West",28.0259741126717,77
1999,11,"North",66.5515152864384,165
1999,11,"South",63.0403226296748,124
1999,11,"West",34.6760563598552,142
1999,12,"North",41.132352864041,136
1999,12,"South",55.0816323051647,98
1999,12,"West",40.3224850164715,338
2000,1,"North",69.6168221547225,214
2000,1,"South",58.6799998912811,125
2000,1,"West",43.3429602139263,277
2000,2,"North",28.0714287355779,126
2000,2,"South",35.8130081499495,123
2000,2,"West",34.8469945866553,183
2000,3,"North",37.5403725456747,161
2000,3,"South",44.9419353492798,155
2000,3,"West",34.1153846844139,234
2000,4,"North",60.8103449765978,116
2000,4,"South",55.8387095072577,248
2000,4,"West",32.0866807977695,473
2000,5,"North",60.4774193225368,155
2000,5,"South",52.2018345831366,327
2000,5,"West",28.9368705902168,556
2000,6,"North",64.3952092653263,167
2000,6,"South",48.195218986724,251
2000,6,"West",23.2361809341752,199
2000,7,"North",71.598130772047,107
2000,7,"South",72.9523809523809,42
2000,7,"West",28.8431372607456,102
2000,8,"North",81.151260079456,119
2000,8,"South",79.5789473684211,19
2000,8,"West",29.3802817531035,71
2000,9,"North",77.0825687264084,109
2000,9,"South",76.25,28
2000,9,"West",45.4608695538148,115
2000,10,"North",101.33333318245,207
2000,10,"South",58.1428572314126,70
2000,10,"West",39.2033897567604,118
2000,11,"North",87.9722221791744,216
2000,11,"South",60.2736843322453,95
2000,11,"West",46.9197080309374,137
2000,12,"North",80.3546796126906,203
2000,12,"South",76.5079363187154,126
2000,12,"West",39.2852112082109,284
2001,1,"North",49.5315788482365,190
2001,1,"South",100.333333333333,36
2001,1,"West",43.9622639885489,265
2001,2,"North",30.9295775168378,142
2001,2,"South",60.3521126643033,71
2001,2,"West",35.1201716896802,233
2001,3,"North",33.1141303584951,184
2001,3,"South",44.4043715091351,183
2001,3,"West",24.0497513070925,201
2001,4,"North",66.0749997995794,160
2001,4,"South",52.7805155017656,349
2001,4,"West",25.5681819735151,264
2001,5,"North",52.8028172254562,142
2001,5,"South",46.106212208529,499
2001,5,"West",27.6606852924649,613
2001,6,"North",52.0082644726619,121
2001,6,"South",39.0905349926693,243
2001,6,"West",31.1305970109221,268
2001,7,"North",57.602739577424,73
2001,7,"South",36.4571428780045,140
2001,7,"West",34.9527027695566,148
2001,8,"North",68.3333333521558,114
2001,8,"South",40.9571429201535,140
2001,8,"West",39.1102939388331,136
2001,9,"North",69.007518697502,133
2001,9,"South",60.9322034524659,59
2001,9,"West",44.3519551740678,179
2001,10,"North",89.2068961447683,116
2001,10,"South",88,33
2001,10,"West",39.4691357130622,162
2001,11,"North",80.4949493528617,99
2001,11,"South",101.757575757576,33
2001,11,"West",42.3706292780963,143
2001,12,"North",79.6249997223678,152
2001,12,"South",99.5151515151515,33
2001,12,"West",47.8943662483927,142
2002,1,"North",28.2993630277123,157
2002,1,"South",40.2876711896021,73
2002,1,"West",26.4307691981242,325
2002,2,"North",51.222222225144,153
2002,2,"South",62.2307694737728,26
2002,2,"West",36.6982248023417,169
2002,3,"North",59.1502891413738,173
2002,3,"South",58.0671639611472,134
2002,3,"West",32.7368421096551,190
2002,4,"North",78.7486034545152,179
2002,4,"South",53.2219570710153,419
2002,4,"West",29.4788733065968,568
2002,5,"North",58.7482013728121,139
2002,5,"South",44.1360199187204,397
2002,5,"West",25.8148148341071,621
2002,6,"North",57.9519229072791,104
2002,6,"South",39.0112359945694,178
2002,6,"West",26.9817518330839,274
2002,7,"North",83.1951219628497,123
2002,7,"South",43.1946904147621,113
2002,7,"West",34.9941176782636,170
2002,8,"North",87.5041320087496,121
2002,8,"South",71.2727272727273,33
2002,8,"West",38.1680000562668,125
2002,9,"North",91.9756091590819,123
2002,9,"South",86.46875,64
2002,9,"West",43.9470585353234,170
2002,10,"North",86.7464787473141,142
2002,10,"South",65.3114754098361,61
2002,10,"West",44.1548385850845,155
2002,11,"North",64.18518518077,135
2002,11,"South",94.5531914893617,47
2002,11,"West",54.2307691397752,169
2002,12,"North",27.0270271675812,148
2002,12,"South",63.9130434782609,46
2002,12,"West",30.9306359759645,173
2003,1,"North",23.611940327865,134
2003,1,"South",44.5641024983846,78
2003,1,"West",24.8683128575239,243
2003,2,"North",41.6470587373782,119
2003,2,"South",60.1913045199021,115
2003,2,"West",40.2341771035255,158
2003,3,"North",50.620111644268,179
2003,3,"South",56.9463082759972,149
2003,3,"West",34.2690353938166,197
2003,4,"North",57.6559138515944,186
2003,4,"South",51.5145115780013,379
2003,4,"West",38.634782392564,345
2003,5,"North",44.3896103451004,154
2003,5,"South",48.0082642069861,363
2003,5,"West",38.1417321820897,635
2003,6,"North",57.8384614889438,130
2003,6,"South",44.331753583881,211
2003,6,"West",29.3524905938755,261
2003,7,"North",86.3083333909512,120
2003,7,"South",44.1007753277934,129
2003,7,"West",36.8826815898858,179
2003,8,"North",89.8479999885559,125
2003,8,"South",46.9037433486571,187
2003,8,"West",38.4623655234614,186
2003,9,"North",90.4427481334628,131
2003,9,"South",58.5172412984673,174
2003,9,"West",44.9351350661871,185
2003,10,"North",117.768750286102,160
2003,10,"South",79.6034482758621,58
2003,10,"West",53.0807798297292,359
2003,11,"North",100.049505443856,101
2003,11,"South",107.434782608696,46
2003,11,"West",55.1235520922539,259
2003,12,"North",76.2536232560009,138
2003,12,"South",79.9339622945156,106
2003,12,"West",38.8999999935588,310
2004,1,"North",37.7259743011617,154
2004,1,"South",49.3266665085157,150
2004,1,"West",30.8600000494719,300
2004,2,"North",36.2460313604938,126
2004,2,"South",52.0650407550781,123
2004,2,"West",34.5751635373807,153
2004,3,"North",38.8698225747904,169
2004,3,"South",47.136904631697,168
2004,3,"West",30.9895289072191,191
2004,4,"North",69.529761798325,168
2004,4,"South",53.1205126484235,390
2004,4,"West",38.4936708053456,316
2004,5,"North",64.5645160405867,124
2004,5,"South",44.1635511860112,428
2004,5,"West",27.1507799795843,577
2004,6,"North",62.9236641476173,131
2004,6,"South",43.3942859302248,175
2004,6,"West",34.7372014075009,293
2004,7,"North",86.0775190360786,129
2004,7,"South",40.895705678346,163
2004,7,"West",37.0334927402615,209
2004,8,"North",85.2592594570584,135
2004,8,"South",50.1904762043524,189
2004,8,"West",43.9897435438939,195
2004,9,"North",93.2999995895795,140
2004,9,"South",58.0348837389502,172
2004,9,"West",60.1055556217829,180
2004,10,"North",115.039474157911,152
2004,10,"South",64.5574709759361,174
2004,10,"West",57.0894736892299,190
2004,11,"North",104.932258458676,124
2004,11,"South",71.7051281799108,156
2004,11,"West",61.4892473977099,186
2004,12,"North",53.673202523219,153
2004,12,"South",73.7195119886864,164
2004,12,"West",50.908045859515,348
2005,1,"North",30.1075950389421,158
2005,1,"South",29.5633803215665,142
2005,1,"West",29.4285715436383,259
2005,2,"North",37.4753086901741,162
2005,2,"South",43.7218043571128,133
2005,2,"West",41.4244186691074,172
2005,3,"North",51.5690607387387,181
2005,3,"South",54.0745340800433,161
2005,3,"West",46.2994923724741,197
2005,4,"North",66.4796377819588,221
2005,4,"South",53.3447363872277,380
2005,4,"West",44.6161288742096,310
2005,5,"North",46.8396947900303,131
2005,5,"South",55.0292678731244,410
2005,5,"West",43.7412140589362,626
2005,6,"North",65.0814814717681,135
2005,6,"South",57.2727269759942,231
2005,6,"West",43.300438403299,456
2005,7,"North",83.5037036878091,135
2005,7,"South",51.8563216938369,174
2005,7,"West",38.0322579898043,217
2005,8,"North",85.973154207204,149
2005,8,"South",49.4457142475673,175
2005,8,"West",43.9424080361871,191
2005,9,"North",95.3499995129449,140
2005,9,"South",61.2802195869959,182
2005,9,"West",51.7712764036148,188
2005,10,"North",101.458064066979,155
2005,10,"South",64.0116277503413,172
2005,10,"West",58.0058138121006,172
2005,11,"North",91.5058137899221,172
2005,11,"South",70.5494503260969,182
2005,11,"West",58.6822917299966,192
2005,12,"North",58.5058823194574,170
2005,12,"South",64.6824322955028,148
2005,12,"West",59.666666625124,330
2006,1,"North",27.4575163706455,153
2006,1,"South",51.7794115525835,136
2006,1,"West",27.4291338844327,254
2006,2,"North",33.8513511540116,148
2006,2,"South",68.1249998842969,136
2006,2,"West",42.8294117373579,170
2006,3,"North",35.3048126429797,187
2006,3,"South",58.5403725871388,161
2006,3,"West",38.6570047468379,207
2006,4,"North",43.4013156412463,152
2006,4,"South",55.0454547572317,264
2006,4,"West",37.3195874506665,194
2006,5,"North",47.780104552264,191
2006,5,"South",66.1485712446485,525
2006,5,"West",55.0750407495857,613
2006,6,"North",61.7322833538055,127
2006,6,"South",53.4399997134209,250
2006,6,"West",48.067567346409,518
2006,7,"North",76.0136984407085,146
2006,7,"South",56.735714257615,140
2006,7,"West",43.5523808189801,210
2006,8,"North",79.3829785999677,141
2006,8,"South",54.9360462385555,172
2006,8,"West",42.1999997826985,175
2006,9,"North",80.7709922644928,131
2006,9,"South",64.6347301805805,167
2006,9,"West",44.1736840994734,190
2006,10,"North",107.568627324759,153
2006,10,"South",68.9171269624931,181
2006,10,"West",58.260416486611,192
2006,11,"North",95.0853657329955,164
2006,11,"South",67.0052081501732,192
2006,11,"West",71.0298507966805,201
2006,12,"North",52.9758063372104,124
2006,12,"South",62.8531466430717,143
2006,12,"West",55.7021277295058,329
2007,1,"North",58.2923075345846,195
2007,1,"South",85.7810220962023,137
2007,1,"West",47.8999998383224,320
2007,2,"North",46.2165604286892,157
2007,2,"South",75.0555557095342,144
2007,2,"West",54.109433933474,265
2007,3,"North",70.6918600173884,172
2007,3,"South",68.2832368460694,173
2007,3,"West",47.8999999704686,220
2007,4,"North",86.1166663421525,180
2007,4,"South",60.1428567709717,301
2007,4,"West",37.010416670392,288
2007,5,"North",71.7307689153231,130
2007,5,"South",53.8442208209829,398
2007,5,"West",36.4968554214487,318
2007,6,"North",85.916666490691,84
2007,6,"South",55.4349996674061,200
2007,6,"West",33.1521739130435,92
2007,7,"North",96.2923075235807,130
2007,7,"South",47.8191490946932,188
2007,7,"West",42.8481012658228,79
2007,8,"North",102.466216043846,148
2007,8,"South",55.4676616814599,201
2007,8,"West",51.0142857142857,70
2007,9,"North",104.398692897722,153
2007,9,"South",63.4333332452509,180
2007,9,"West",44.6197183098592,71
2007,10,"North",103.147651102719,149
2007,10,"South",79.4418603556101,172
2007,10,"West",53.8805969591757,201
2007,11,"North",101.944099127136,161
2007,11,"South",78.1270715775411,181
2007,11,"West",71.3197971854718,197
2007,12,"North",75.6050950410259,157
2007,12,"South",82.5886527156154,141
2007,12,"West",79.6174698691052,332
2008,1,"North",24.617834393196,157
2008,1,"South",35.6587300804399,126
2008,1,"West",32.4107744759984,297
2008,2,"North",21.7650272681739,183
2008,2,"South",35.9428570270538,140
2008,2,"West",18.5568182021379,88
2008,3,"North",61.38888875523,198
2008,3,"South",55.0057800236465,173
2008,3,"West",27.636363575314,165
2008,4,"North",74.7302324660989,215
2008,4,"South",65.2509650420038,259
2008,4,"West",33.2949999964237,200
2008,5,"North",53.1870968664846,155
2008,5,"South",51.0939850224588,266
2008,5,"West",32.5642458280372,179
2008,6,"North",63.7697366381946,152
2008,6,"South",40.0535713993013,224
2008,6,"West",40.9619772373044,263
2008,7,"North",83.1499999210239,160
2008,7,"South",46.6482412656348,199
2008,7,"West",46.6195651234492,184
2008,8,"North",97.0512822667758,156
2008,8,"South",53.8228570638384,175
2008,8,"West",67.5161289430434,155
2008,9,"North",105.903226083325,155
2008,9,"South",69.5268814672706,186
2008,9,"West",66.3526315965151,190
2008,10,"North",133.804733310225,169
2008,10,"South",83.5729164145887,192
2008,10,"West",63.9477910406618,249
2008,11,"North",94.3314917522241,181
2008,11,"South",88.4044942534372,178
2008,11,"West",58.9480518613543,231
2008,12,"North",55.5294115529341,170
2008,12,"South",89.078431559544,153
2008,12,"West",53.6995073230983,406
2009,1,"North",70.7658535875925,205
2009,1,"South",90.8292683857243,164
2009,1,"West",60.6000001109376,245
2009,2,"North",46.5608466038944,189
2009,2,"South",83.4491017185999,167
2009,2,"West",52.129707104242,239
2009,3,"North",45.5845411008107,207
2009,3,"South",61.7127657995579,188
2009,3,"West",31.8909775247251,266
2009,4,"North",85.9715447028478,246
2009,4,"South",61.5355803497722,267
2009,4,"West",35.1868132520945,273
2009,5,"North",73.4224594232232,187
2009,5,"South",57.94715435282,246
2009,5,"West",37.6814159260387,226
2009,6,"North",67.6081083787454,148
2009,6,"South",61.3861789480458,246
2009,6,"West",36.2991452329179,234
2009,7,"North",95.7090910333576,165
2009,7,"South",60.2736842594649,190
2009,7,"West",43.9444442126486,216
2009,8,"North",115.739436837989,142
2009,8,"South",66.8238635544073,176
2009,8,"West",56.5828876520861,187
2009,9,"North",116.09696951635,165
2009,9,"South",87.5263155359971,190
2009,9,"West",65.5482234162122,197
2009,10,"North",135.305882953195,170
2009,10,"South",90.3437497820705,192
2009,10,"West",74.3636363725611,187
2009,11,"North",100.624160969817,149
2009,11,"South",109.547058945544,170
2009,11,"West",65.9999998793715,168
2009,12,"North",98.4740744387662,135
2009,12,"South",111.053030205495,132
2009,12,"West",62.5404040054841,198
2010,1,"North",48.5301205537405,166
2010,1,"South",82.8716218241969,148
2010,1,"West",46.1813186873774,182
2010,2,"North",27.0799999971049,175
2010,2,"South",50.3293412381303,167
2010,2,"West",27.1336634234332,202
2010,3,"North",52.1659388326141,229
2010,3,"South",59.4068626223826,204
2010,3,"West",36.0080970841863,247
2010,4,"North",62.3774509117299,204
2010,4,"South",71.7392995742508,257
2010,4,"West",42.8834080669377,223
2010,5,"North",69.3783784218737,148
2010,5,"South",59.6434107515239,258
2010,5,"West",40.8163264022798,196
2010,6,"North",71.6193546725858,155
2010,6,"South",67.1566820051263,217
2010,6,"West",37.0960698216243,229
2010,7,"North",93.3006537802079,153
2010,7,"South",69.4761904578991,189
2010,7,"West",37.610169434278,177
2010,8,"North",107.170885680597,158
2010,8,"South",69.1708541970756,199
2010,8,"West",45.1827955438245,186
2010,9,"North",96.7861272572093,173
2010,9,"South",87.9444442960951,180
2010,9,"West",69.0205126896883,195
2010,10,"North",118.730537767896,167
2010,10,"South",100.765363263018,179
2010,10,"West",59.1347149950235,193
2010,11,"North",117.9499991205,180
2010,11,"South",112.120218673039,183
2010,11,"West",60.8080807641299,198
2010,12,"North",73.838150577049,173
2010,12,"South",97.7564100730113,156
2010,12,"West",59.287804892005,205
2011,1,"North",45.2737428176336,179
2011,1,"South",54.1273884765661,157
2011,1,"West",47.8105261771302,190
2011,2,"North",51.3103447706241,203
2011,2,"South",61.6746987319854,166
2011,2,"West",50.7242989250433,214
2011,3,"North",41.6376809492203,207
2011,3,"South",56.9500000013245,180
2011,3,"West",44.3389829748263,236
2011,4,"North",52.7393617160777,188
2011,4,"South",65.9648440121673,256
2011,4,"West",57.5806451926034,217
2011,5,"North",64.1684780937174,184
2011,5,"South",56.8124998192424,368
2011,5,"West",64.941176509156,204
2011,6,"North",58.5000001842325,198
2011,6,"South",67.8122605117345,261
2011,6,"West",63.1614348701297,223
2011,7,"North",72.3842104874159,190
2011,7,"South",61.8586385911672,191
2011,7,"West",55.5376884026743,199
2011,8,"North",73.9552238533153,201
2011,8,"South",69.8844219793626,199
2011,8,"West",46.4825868731114,201
2011,9,"North",89.7663043478261,184
2011,9,"South",87.7947366695655,190
2011,9,"West",48.2474745662525,198
2011,10,"North",110.114754138748,183
2011,10,"South",87.9468083394335,188
2011,10,"West",72.4142856501398,210
2011,11,"North",96.2670158578463,191
2011,11,"South",102.643243104703,185
2011,11,"West",79.4512819913717,195
2011,12,"North",53.6604937454801,162
2011,12,"South",74.3881578319951,152
2011,12,"West",58.5721649109703,194
2012,1,"North",47.2352939578248,204
2012,1,"South",110.367231441756,177
2012,1,"West",61.2792207304533,154
2012,2,"North",40.0699588506801,243
2012,2,"South",99.3372089488562,172
2012,2,"West",40.6275862241613,145
2012,3,"North",49.2341269670971,252
2012,3,"South",85.3383084921101,201
2012,3,"West",36.6306816942312,176
2012,4,"North",41.941441400631,222
2012,4,"South",59.9374999737038,272
2012,4,"West",38.1005917674691,169
2012,5,"North",65.3872546448427,204
2012,5,"South",54.301115194661,269
2012,5,"West",32.1151514689128,165
2012,6,"North",63.5414363745168,181
2012,6,"South",66.4319998383522,250
2012,6,"West",38.0783132504986,166
2012,7,"North",91.178010041801,191
2012,7,"South",67.0507613541511,197
2012,7,"West",46.0198673854601,151
2012,8,"North",95.4494946039084,198
2012,8,"South",76.6919191588055,198
2012,8,"West",48.708333461235,144
2012,9,"North",98.2685715470995,175
2012,9,"South",108.340659372099,182
2012,9,"West",57.9530199998177,149
2012,10,"North",106.369792042921,192
2012,10,"South",87.1948718058757,195
2012,10,"West",55.7421384764917,159
2012,11,"North",97.6230371310449,191
2012,11,"South",99.8716578330586,187
2012,11,"West",52.2346938094314,98
2012,12,"North",68.5364587157965,192
2012,12,"South",109.259493494336,158
2012,12,"West",55.790209816886,143
2013,1,"North",44.013888804449,216
2013,1,"South",63.6666668716562,189
2013,1,"West",35.2139737707559,229
2013,2,"North",62.7089199784776,213
2013,2,"South",95.7683612801934,177
2013,2,"West",40.4999998866343,204
2013,3,"North",91.6751055355314,237
2013,3,"South",100.178770711968,179
2013,3,"West",39.7649572967974,234
2013,4,"North",67.7416268775338,209
2013,4,"South",67.2640845020052,284
2013,4,"West",34.8009049973337,221
2013,5,"North",60.7005648107852,177
2013,5,"South",51.8326692802023,251
2013,5,"West",32.1152073881044,217
2013,6,"North",61.6489361321673,188
2013,6,"South",59.9270386527025,233
2013,6,"West",33.3619909313469,221
2013,7,"North",90.1799996066093,200
2013,7,"South",68.9715640296303,211
2013,7,"West",42.407239783943,221
2013,8,"North",88.4619565722735,184
2013,8,"South",74.0476190851479,189
2013,8,"West",49.1874999903763,192
2013,9,"North",113.42857123052,189
2013,9,"South",88.1076923162509,195
2013,9,"West",52.2085306667039,211
2013,10,"North",121.131706570416,205
2013,10,"South",124.113743882609,211
2013,10,"West",54.7906976307547,172
2013,11,"North",100.01123599323,178
2013,11,"South",118.40718556307,167
2013,11,"West",72.0735294374765,204
2013,12,"North",23.4431138811354,167
2013,12,"South",72.9802631807366,152
2013,12,"West",30.9875000173226,160
2014,1,"North",107.561946817204,226
2014,1,"South",134.350282636739,177
2014,1,"West",62.3594469200082,217
2014,2,"North",60.1200000038514,325
2014,2,"South",102.347222439117,144
2014,2,"West",52.5645932329899,209
2014,3,"North",42.3318387136331,223
2014,3,"South",82.9841270490929,189
2014,3,"West",35.754237289651,236
2014,4,"North",68.4819276459724,249
2014,4,"South",76.6813186450756,273
2014,4,"West",33.9495797795909,238
2014,5,"North",81.0631577014923,190
2014,5,"South",71.7265917683362,267
2014,5,"West",41.7182318578109,181
2014,6,"North",75.0259067036327,193
2014,6,"South",92.2417059487076,211
2014,6,"West",47.7641025414834,195
2014,7,"North",112.716417692194,201
2014,7,"South",75.2941176388778,204
2014,7,"West",48.3239434982689,213
2014,8,"North",122.133333529848,165
2014,8,"South",88.3313610201051,169
2014,8,"West",50.9838709203146,186
2014,9,"North",110.109452706664,201
2014,9,"South",105.435233502808,193
2014,9,"West",56.6666666136848,207
2014,10,"North",114.286820574324,129
2014,10,"South",117.932773347662,119
2014,10,"West",58.2424242902886,132
2014,11,"North",126.18274145562,197
2014,11,"South",131.464480790936,183
2014,11,"West",63.2690356394966,197
2014,12,"North",104.730964186228,197
2014,12,"South",126.808139480824,172
2014,12,"West",50.661764588134,204
2015,1,"North",64.4162679779472,209
2015,1,"South",123.445714284352,175
2015,1,"West",33.7924527489352,212
2015,2,"North",55.2157893168299,190
2015,2,"South",93.4252872686276,174
2015,2,"West",35.4782609700581,207
2015,3,"North",97.7999995591905,225
2015,3,"South",88.8468899202119,209
2015,3,"West",33.714893599774,235
2015,4,"North",90.5675671122095,222
2015,4,"South",77.0622566711114,257
2015,4,"West",35.9829786904315,235
2015,5,"North",87.2324561821787,228
2015,5,"South",66.9364405976514,236
2015,5,"West",39.1149425294207,174
2015,6,"North",94.3201972909749,203
2015,6,"South",81.426666586664,225
2015,6,"West",47.6524063750384,187
2015,7,"North",127.227722304882,202
2015,7,"South",68.4952830441718,212
2015,7,"West",47.6578945836477,228
2015,8,"North",143.601744150006,172
2015,8,"South",72.6983235641565,179
2015,8,"West",49.6276594352849,188
2015,9,"North",124.93434431577,198
2015,9,"South",111.966480404305,179
2015,9,"West",66.0624998240517,208
2015,10,"North",141.87692259275,195
2015,10,"South",157.979274575574,193
2015,10,"West",77.9999998007735,219
2015,11,"North",135.305881898543,170
2015,11,"South",157.55737732017,183
2015,11,"West",67.857142800768,203
2015,12,"North",29.0094340145588,212
2015,12,"South",100.758241704532,182
2015,12,"West",43.9610390968911,231
2016,1,"North",39.6502730931089,183
2016,1,"South",74.6981128004362,159
2016,1,"West",38.3653847027857,208
2016,2,"North",52.0052355412413,191
2016,2,"South",74.5681817077778,176
2016,2,"West",29.3192488372046,213
2016,3,"North",42.0178572402469,224
2016,3,"South",63.9999998692543,186
2016,3,"West",39.925233614779,214
2016,4,"North",68.8392857020455,224
2016,4,"South",58.2238266756388,277
2016,4,"West",38.4355554999245,225
2016,5,"North",101.886955739104,230
2016,5,"South",60.4312267214835,269
2016,5,"West",28.7214613426222,219
2016,6,"North",96.5020406294842,245
2016,6,"South",71.300469434877,213
2016,6,"West",31.1574468405957,235
2016,7,"North",119.312169207467,189
2016,7,"South",61.1442785639668,201
2016,7,"West",41.3946188744408,223
2016,8,"North",117.59585498034,193
2016,8,"South",75.7788944004768,199
2016,8,"West",40.4174756506114,206
2016,9,"North",104.321243277485,193
2016,9,"South",92.1428572172841,189
2016,9,"West",51.0303030601054,198
2016,10,"North",141.678216381828,202
2016,10,"South",174.884815066273,191
2016,10,"West",68.2857142885526,210
2016,11,"North",153.46499717474,200
2016,11,"South",174.755316574523,188
2016,11,"West",59.1455398674862,213
2016,12,"North",106.746427438089,280
2016,12,"South",152.022097625785,181
2016,12,"West",51.2130434015523,230
2017,1,"North",26.7324561515921,228
2017,1,"South",41.5353074121991,439
2017,1,"West",24.8092105940572,304
2017,2,"North",27.3406250390224,320
2017,2,"South",51.3311257434733,453
2017,2,"West",23.2906977156567,430
2017,3,"North",31.6694914685973,472
2017,3,"South",84.9619563580423,552
2017,3,"West",38.8588468599509,503
2017,4,"North",48.6459947433275,387
2017,4,"South",67.1368822815754,263
2017,4,"West",54.6356588617468,387
2017,5,"North",55.5257270501497,447
2017,5,"South",74.1090340443489,321
2017,5,"West",58.0162035982918,432
2017,6,"North",72.1095099030036,347
2017,6,"South",73.4693875837604,343
2017,6,"West",56.498567316457,349
2017,7,"North",86.2714680915394,361
2017,7,"South",80.0161287768096,434
2017,7,"West",40.8745245584517,263
2017,8,"North",91.7627118947142,354
2017,8,"South",77.602739686291,219
2017,8,"West",56.2648807694869,336
2017,9,"North",94.5899702869685,339
2017,9,"South",109.872412945484,290
2017,9,"West",55.2551927623126,337
2017,10,"North",133.925371447606,201
2017,10,"South",127.814814763094,189
2017,10,"West",69.6142132112823,197
2017,11,"North",99.5402298275081,174
2017,11,"South",148.077720049132,193
2017,11,"West",76.3116277273311,215
2017,12,"North",49.2286994647017,223
2017,12,"South",95.4686346533554,271
2017,12,"West",42.8841269765581,252
2018,1,"North",74.7839114649062,634
2018,1,"South",126.738805533642,402
2018,1,"West",58.8557691734571,624
2018,2,"North",88.9059997365474,500
2018,2,"South",133.615384505345,351
2018,2,"West",47.7368420571612,513
2018,3,"North",69.9528485582245,509
2018,3,"South",107.971128588977,381
2018,3,"West",46.9143388415626,537
2018,4,"North",57.33816407153,207
2018,4,"South",52.1593625305658,251
2018,4,"West",51.2730373184836,293
2018,5,"North",95.439330138422,239
2018,5,"South",66.2588233536365,255
2018,5,"West",36.9898305476722,295
2018,6,"North",98.7158386159388,322
2018,6,"South",76.850187229753,267
2018,6,"West",39.2151898702111,316
2018,7,"North",111.86111100502,468
2018,7,"South",98.5605536179559,289
2018,7,"West",48.0776052538413,451
2018,8,"North",126.09862370584,436
2018,8,"South",86.0191571146135,261
2018,8,"West",59.0107064688742,467
2018,9,"North",137.072940681682,425
2018,9,"South",114.170731203343,246
2018,9,"West",68.1582732973911,417
2018,10,"North",123.189332708359,375
2018,10,"South",124.931231156461,349
2018,10,"West",57.3324466969104,376
2018,11,"North",108.98759206915,403
2018,11,"South",147.919160870735,334
2018,11,"West",70.671915693233,381
2018,12,"North",94.7396019589405,553
2018,12,"South",126.28106415695,338
2018,12,"West",53.4334975563247,406
2019,1,"North",42.4161219857227,459
2019,1,"South",83.6622338756285,376
2019,1,"West",42.5264956666364,585
2019,2,"North",25.9175000248477,400
2019,2,"South",51.1660899381736,289
2019,2,"West",30.8140043420004,457
2019,3,"North",36.0022123558199,452
2019,3,"South",84.5337421546684,326
2019,3,"West",47.0547444701847,548
2019,4,"North",47.3496930591899,326
2019,4,"South",76.0389105086197,257
2019,4,"West",56.451504905487,299
2019,5,"North",70.3621793729372,312
2019,5,"South",70.0195311694406,256
2019,5,"West",70.0228135610715,263
2019,6,"North",85.6780626889308,351
2019,6,"South",76.5306120818975,245
2019,6,"West",59.1477986896563,318
2019,7,"North",109.964205394922,447
2019,7,"South",82.6696032217421,227
2019,7,"West",49.2676347356862,482
2019,8,"North",113.593333044052,450
2019,8,"South",88.8615378282009,195
2019,8,"West",54.5730857757847,431
2019,9,"North",114.038201940863,445
2019,9,"South",81.8010749893804,186
2019,9,"West",53.5230124797282,478
2019,10,"North",146.986741383306,528
2019,10,"South",124.365670700127,268
2019,10,"West",73.9117080952522,521
2019,11,"North",152.288310062111,385
2019,11,"South",142.895521894616,201
2019,11,"West",102.627450897559,408
2019,12,"North",96.7916659841107,432
2019,12,"South",126.449663281041,298
2019,12,"West",71.2205882370472,476
2020,1,"North",86.8830020739542,453
2020,1,"South",144.654284149579,350
2020,1,"West",62.3816046097741,511
2020,2,"North",81.8054297152418,442
2020,2,"South",119.487420500637,318
2020,2,"West",49.202040737989,490
2020,3,"North",127.990887649238,439
2020,3,"South",151.859203968668,277
2020,3,"West",56.5562247782347,498
2020,4,"North",110.212276254469,391
2020,4,"South",159.791044776119,67
2020,4,"West",51.1671731109677,329
2020,5,"North",122.278592685101,341
2020,5,"South",147.691176470588,68
2020,5,"West",46.7565981819133,341
2020,6,"North",112.242937889476,354
2020,6,"South",142.408602150538,93
2020,6,"West",51.0317459404469,378
2020,7,"North",118.93877508993,392
2020,7,"South",159.865544751912,119
2020,7,"West",61.6761229516626,423
2020,8,"North",124.54976188515,211
2020,8,"South",132.771427865255,105
2020,8,"West",71.1623931572988,234
2020,9,"North",137.7093410725,289
2020,9,"South",152.297618042855,84
2020,9,"West",67.1884983189571,313
2020,10,"North",119.98983688071,492
2020,10,"South",102.97765334092,179
2020,10,"West",63.7373948962498,476
2020,11,"North",137.903613182723,415
2020,11,"South",135.725489771834,204
2020,11,"West",59.402352918106,425
2020,12,"North",72.567391219476,460
2020,12,"South",102.21135617393,317
2020,12,"West",56.8144875234092,566
2021,1,"North",124.638094667972,315
2021,1,"South",147.035210229561,142
2021,1,"West",61.3762885665463,388
2021,2,"North",79.8086958185486,345
2021,2,"South",111.764999827743,200
2021,2,"West",48.8421050652363,418
2021,3,"North",120.837661568995,308
2021,3,"South",147.30808010005,198
2021,3,"West",44.3516746036459,418
2021,4,"North",135.878922736164,223
2021,4,"South",166.586206896552,58
2021,4,"West",35.6971608772639,317
2021,5,"North",124.242423443481,198
2021,5,"South",69.6715685322004,204
2021,5,"West",41.7276994692328,213
2021,6,"North",112.259840784814,254
2021,6,"South",94.7344397954426,241
2021,6,"West",49.820512951512,273
2021,7,"North",102.186319811726,424
2021,7,"South",111.58904075296,219
2021,7,"West",65.0630433330717,460
2021,8,"North",119.40355205082,394
2021,8,"South",143.847951090127,171
2021,8,"West",58.6366046669471,377
2021,9,"North",127.046187589268,433
2021,9,"South",152.987445623805,239
2021,9,"West",76.8891750407434,388
2021,10,"North",137.023978860544,417
2021,10,"South",169.305783549616,121
2021,10,"West",81.8206278935676,446
2021,11,"North",137.442888333247,429
2021,11,"South",162.35135058562,222
2021,11,"West",72.548532787887,443
2021,12,"North",137.665827839967,398
2021,12,"South",167.66666516418,159
2021,12,"West",67.3874643616527,351
2022,1,"North",86.2,10
2022,1,"South",117.7,20
2022,1,"West",33.3962264150943,53
2022,2,"North",106,10
2022,2,"South",132.85,20
2022,2,"West",32.9464285714286,56
2022,3,"North",130.65,20
2022,3,"South",153.40625,32
2022,3,"West",36.7971014492754,69
2022,4,"North",131.8,30
2022,4,"South",142.363636363636,44
2022,4,"West",33.6744186046512,86
2022,5,"North",107.485714285714,35
2022,5,"South",121.807692307692,52
2022,5,"West",32.9024390243902,82
2022,6,"North",92.8461538461538,52
2022,6,"South",123.960784313725,51
2022,6,"West",50.6944444444444,108
2022,7,"North",82.0869565217391,23
2022,7,"South",132.964285714286,28
2022,7,"West",49.8684210526316,38
2022,8,"North",91.9565217391304,23
2022,8,"South",133.892857142857,28
2022,8,"West",48.2631578947368,38
2022,9,"North",163.48,25
2022,9,"South",171.354838709677,31
2022,9,"West",73.0476190476191,42
2022,10,"North",108.493669685759,395
2022,10,"South",142.526315190738,133
2022,10,"West",76.5151514054248,396
2022,11,"North",89.9869448895865,383
2022,11,"South",114.929202833007,113
2022,11,"West",45.2902438620242,410
2022,12,"North",81.2681979518739,261
2022,12,"South",141.785714285714,42
2022,12,"West",44.7836878470918,282
2023,10,"North",194.28,25
2023,10,"South",176.9375,32
2023,10,"West",59.4761904761905,42
2023,11,"North",133.92,25
2023,11,"South",192.75,32
2023,11,"West",51.9302325581395,43
2023,12,"North",67.375,24
2023,12,"South",128.5,32
2023,12,"West",59.2045454545455,44
