"WY","Month","Count_Sal","Sal_surf_mean","Sal_surf_sd","Date_median_sal","Sal_min","Sal_max","Survey_mostcommon_sal","Date_median","FirstFlush_firstDate","FirstFlush_medianDate","FirstFlushOccurred","Year","SAC","SJR","TOT","YOLO","EXPORTS","OUT","X2","mean_OMR","DateMonth","SAC_1","SJR_1","TOT_1","YOLO_1","EXPORTS_1","OUT_1","X2_1","Secchi_South","Secchi_West"
1976,11,67,0.957437185876405,0.79419140218899,"1975-11-13",0.0533981658518314,3.01241087913513,"FMWT",1975-11-13,1975-11-25,1975-12-08,"No",1975,22250,3906,27058.9666666667,12.7,8009.43333333333,17921.1333333333,70.4997963753333,-5101.17945124681,1975-11-01,19174.1935483871,4543.22580645161,24646.7741935484,17.6129032258065,7560.09677419355,16900.935483871,72.3299388419355,59.125,37.2926829268293
1976,12,80,0.861703747371212,0.955536382909596,"1975-12-16",0.0500452369451523,5.90042161941528,"FMWT",1975-12-16,1975-11-25,1975-12-08,"Yes",1975,25545.1612903226,3744.83870967742,29673.8709677419,40.3225806451613,7819.35483870968,19953.8709677419,68.6271529141935,-4570.19882560829,1975-12-01,22250,3906,27058.9666666667,12.7,8009.43333333333,17921.1333333333,70.4997963753333,72.2,47.4634146341463
1977,1,82,4.18620832046358,4.30907716644137,"1977-01-14",0.139483153820038,13.2447261810303,"FMWT",1977-01-14,NA,NA,"No",1977,9801.61290322581,1090.77419354839,10945.935483871,2.54838709677419,7044.45161290323,4362.61290322581,86.6837333993548,-7846.23781125271,1977-01-01,7742.90322580645,964.838709677419,8766.93548387097,1.12903225806452,2783.45161290323,4213.06451612903,88.5246706932258,60.0769230769231,49.7948717948718
1977,11,77,1.94021272252906,2.7121059840816,"1976-11-24",0.156966492533684,17.6218757629395,"FMWT",1976-11-24,NA,NA,"No",1976,7823.33333333333,1136,9059.13333333333,6.23333333333333,4243.9,3643.43333333333,89.3020949183333,-5101.17945124681,1976-11-01,8102.90322580645,1273.54838709677,9405.48387096774,1,4617.83870967742,3611.48387096774,88.9509433712903,65.6153846153846,57.7755101894846
1978,1,95,1.24878664542186,1.04296625436507,"1978-01-13",0.0821363255381584,5.17964124679565,"FMWT",1978-01-13,1978-01-07,1978-03-06,"Yes",1978,45490.3225806452,2275.67741935484,70897.1612903226,18700.9677419355,9858.90322580645,66157.0322580645,70.0067245087097,-7846.23781125271,1978-01-01,11745.4838709677,505.741935483871,12525.7096774194,0,5830.77419354839,8569.87096774194,89.1853869835484,20.3571428571429,15.5227272727273
1978,3,29,0.348532307122288,0.658020548801238,"1978-03-13",0.0572290979325771,3.50060868263245,"FMWT",1978-03-13,1978-01-07,1978-03-06,"Yes",1978,55570.9677419355,11474.8387096774,88587.9032258065,18367.9032258065,5843.74193548387,85618.6129032258,55.3329582596774,-4570.19882560829,1978-03-01,44703.5714285714,7318.57142857143,63704.3571428571,8617.53571428571,10309.5357142857,56158.5714285714,60.0650310042857,30.8461538461538,17.1818181818182
1978,11,85,1.66802564263344,1.85514974210506,"1977-11-15",0.253763347864151,6.66146278381348,"FMWT",1977-11-15,1978-01-07,1978-03-06,"No",1977,6687.33333333333,429.7,7151.43333333333,0,2651.16666666667,4003.43333333333,91.0039867063333,-5101.17945124681,1977-11-01,4494.1935483871,246.193548387097,4749.32258064516,0,791.709677419355,2045.90322580645,94.7305485509677,60.1071428571429,63.8333333333333
1978,12,105,3.86910924769583,4.22485549474504,"1977-12-13",0.302559584379196,11.9457721710205,"FMWT",1977-12-13,1978-01-07,1978-03-06,"No",1977,11745.4838709677,505.741935483871,12525.7096774194,0,5830.77419354839,8569.87096774194,89.1853869835484,-4570.19882560829,1977-12-01,6687.33333333333,429.7,7151.43333333333,0,2651.16666666667,4003.43333333333,91.0039867063333,60.3703703703704,62.0769230769231
1979,2,37,1.21497201436275,0.494726325121063,"1979-02-12",0.119168594479561,1.83541810512543,"FMWT",1979-02-12,1979-01-13,1979-02-27,"Yes",1979,32442.8571428571,7137.85714285714,45683.2142857143,1661.60714285714,2938.82142857143,46341.0714285714,66.6602227467857,-5101.17945124681,1979-02-01,23190.3225806452,5233.22580645161,30791,424.935483870968,4103.90322580645,30522.4516129032,71.8701045074194,41.36,28.5
1979,11,26,3.69237941302932,3.61433565893938,"1978-11-20",0.0749471932649612,17.9376182556152,"FMWT",1978-11-20,1979-01-13,1979-02-27,"No",1978,12443.3333333333,3497.66666666667,16414.2,2.93333333333333,5572.66666666667,10928.0666666667,77.516614028,-5101.17945124681,1978-11-01,12487.0967741935,3327.41935483871,16619.6129032258,1.09677419354839,5157.12903225806,9599.96774193548,76.3381575248387,64.8571428571429,28.4651162790698
1979,12,27,3.67386840890955,2.42575109932286,"1978-12-14",0.087412416934967,6.03918504714966,"FMWT",1978-12-14,1979-01-13,1979-02-27,"No",1978,13203.2258064516,2812.25806451613,16334.7096774194,6.96774193548387,6050.67741935484,8779.70967741935,77.0913969332258,-4570.19882560829,1978-12-01,12443.3333333333,3497.66666666667,16414.2,2.93333333333333,5572.66666666667,10928.0666666667,77.516614028,58.0952380952381,30.75
1980,2,1,0.104710571467876,NA,"1980-02-08",0.104710571467876,0.104710571467876,"Bay Study",1980-02-08,1979-12-26,1980-02-19,"Yes",1980,52575.8620689655,18648.275862069,125777.344827586,46505.3103448276,6183.72413793103,121654.793103448,54.0031173641379,-5101.17945124681,1980-02-01,58635.4838709677,13069.0322580645,120990.64516129,40646.0322580645,6368.83870967742,118220.129032258,60.3202989641935,29.4,24.3728812912763
1980,3,4,0.097983168438077,0.009605523198843,"1980-03-11",0.0835748836398125,0.102785930037498,"Bay Study",1980-03-11,1979-12-26,1980-02-19,"Yes",1980,55338.7096774194,25232.2580645161,103281.387096774,17793.1612903226,4359.87096774194,99151.8387096774,48.7861534935484,-4570.19882560829,1980-03-01,52575.8620689655,18648.275862069,125777.344827586,46505.3103448276,6183.72413793103,121654.793103448,54.0031173641379,40.08,27.4117647724993
1981,1,29,1.12305187562416,1.40912057785927,"1981-01-30",0.512992262840271,6.60310983657837,"Bay Study",1981-01-30,1980-12-07,1981-02-19,"Yes",1981,18509.6774193548,3250.64516129032,23285.935483871,974.838709677419,8264.83870967742,18325.2580645161,78.4956995574194,-7846.23781125271,1981-01-01,16687.0967741935,2949.35483870968,19917.3870967742,17.0645161290323,6764.64516129032,12486.8064516129,77.526414283871,64.5384615384615,28.7608695652174
1981,2,48,2.45556559227407,1.93610143568159,"1981-02-09",0.110970579087734,4.63616609573364,"Bay Study",1981-02-09,1980-12-07,1981-02-19,"Yes",1981,24239.2857142857,2878.92857142857,28180.0357142857,716.857142857143,7242.14285714286,21171.3928571429,70.3224028928571,-5101.17945124681,1981-02-01,18509.6774193548,3250.64516129032,23285.935483871,974.838709677419,8264.83870967742,18325.2580645161,78.4956995574194,39.2307692307692,19.1282051282051
1981,3,32,1.34006514167413,0.879555564865681,"1981-03-09",0.236928597092628,2.3731632232666,"Bay Study",1981-03-09,1980-12-07,1981-02-19,"Yes",1981,24509.6774193548,3121.93548387097,29248.6451612903,259.838709677419,4834.22580645161,26483.2580645161,69.3054296745161,-4570.19882560829,1981-03-01,24239.2857142857,2878.92857142857,28180.0357142857,716.857142857143,7242.14285714286,21171.3928571429,70.3224028928571,49.4782608695652,21.948275862069
1981,4,26,0.207840227163755,0.215770142285518,"1981-04-06",0.0994194746017456,0.936719536781311,"Bay Study",1981-04-06,1980-12-07,1981-02-19,"Yes",1981,17224.3333333333,2532.33333333333,20227.0333333333,32.2,8094.36666666667,11647.6666666667,71.649977122,-7905.79190844538,1981-04-01,24509.6774193548,3121.93548387097,29248.6451612903,259.838709677419,4834.22580645161,26483.2580645161,69.3054296745161,47.8846153846154,22.8252428793213
1981,11,461,1.87525207400645,2.3018927936852,"1980-11-14",0.0701571702957153,7.52154970169067,"FMWT",1980-11-14,1980-12-07,1981-02-19,"No",1980,10871.6666666667,3277.66666666667,14715.2666666667,10.9,6457.3,6661.8,81.3779255563333,-5101.17945124681,1980-11-01,11343.5483870968,4072.25806451613,15880.1935483871,6.7741935483871,6740.96774193548,7320.83870967742,78.950194583871,55.72,32.9900990299659
1981,12,317,2.05890214363295,2.06646828037564,"1980-12-09",0.0850137174129486,7.08539438247681,"FMWT",1980-12-09,1980-12-07,1981-02-19,"Yes",1980,16687.0967741935,2949.35483870968,19917.3870967742,17.0645161290323,6764.64516129032,12486.8064516129,77.526414283871,-4570.19882560829,1980-12-01,10871.6666666667,3277.66666666667,14715.2666666667,10.9,6457.3,6661.8,81.3779255563333,56.56,30.6201549204745
1982,1,49,0.225479248607037,0.259267753100221,"1982-01-05",0.0586655251681805,1.65776884555817,"Bay Study",1982-01-05,1981-11-17,1982-02-07,"Yes",1982,64609.6774193548,3889.03225806452,98111.6451612903,21286.7096774194,5208.16129032258,97674.0322580645,51.4472325012903,-7846.23781125271,1982-01-01,62058.064516129,1850.96774193548,91561.8064516129,24453.7419354839,5166.8064516129,86287.3870967742,60.736028763871,37,25.1142857142857
1982,2,19,0.859925013231604,3.1690156806842,"1982-02-08",0.106154508888721,13.9454402923584,"Bay Study",1982-02-08,1981-11-17,1982-02-07,"Yes",1982,59432.1428571429,6645.35714285714,100334.892857143,26362.3571428571,9452.39285714286,92555.1785714286,54.6245182592857,-5101.17945124681,1982-02-01,64609.6774193548,3889.03225806452,98111.6451612903,21286.7096774194,5208.16129032258,97674.0322580645,51.4472325012903,39.2307692307692,27.1666666666667
1982,3,11,1.49775886264714,3.13922824459603,"1982-03-10",0.0802186504006386,7.84706544876099,"Bay Study",1982-03-10,1981-11-17,1982-02-07,"Yes",1982,62812.9032258065,10061.6129032258,86349.5806451613,5265.35483870968,10417.7096774194,80088.3870967742,51.6851057570968,-4570.19882560829,1982-03-01,59432.1428571429,6645.35714285714,100334.892857143,26362.3571428571,9452.39285714286,92555.1785714286,54.6245182592857,55.9230769230769,29.9574468085106
1982,4,5,0.080327545106411,0.0152281769925842,"1982-04-16",0.0715939924120903,0.107117362320423,"Bay Study",1982-04-16,1981-11-17,1982-02-07,"Yes",1982,76580,22963.3333333333,149355.933333333,38217.5333333333,9613.46666666667,142192.366666667,48.518323833,-7905.79190844538,1982-04-01,62812.9032258065,10061.6129032258,86349.5806451613,5265.35483870968,10417.7096774194,80088.3870967742,51.6851057570968,50.1764705882353,26.6184208722491
1982,11,83,3.37866803034242,3.4736379865104,"1981-11-13",0.132701829075813,11.0944757461548,"FMWT",1981-11-13,1981-11-17,1982-02-07,"No",1981,32939.3333333333,1564,39365.7333333333,3761.16666666667,4717.36666666667,36000.6,79.0463367713333,-5101.17945124681,1981-11-01,9895.16129032258,1386.45161290323,11441.0967741935,5.41935483870968,5934.54838709677,5213.77419354839,86.8215238280645,63.24,46.1506849315069
1982,12,108,0.69526126553063,1.58098249499341,"1981-12-10",0.0739890411496162,13.7858858108521,"FMWT",1981-12-10,1981-11-17,1982-02-07,"Yes",1981,62058.064516129,1850.96774193548,91561.8064516129,24453.7419354839,5166.8064516129,86287.3870967742,60.736028763871,-4570.19882560829,1981-12-01,32939.3333333333,1564,39365.7333333333,3761.16666666667,4717.36666666667,36000.6,79.0463367713333,46.4736842105263,27.5396825396825
1983,1,49,0.192633637056059,0.6977801097718,"1983-01-03",0.0830953344702721,4.97674942016602,"Bay Study",1983-01-03,1982-11-03,1983-02-07,"Yes",1983,47512.9032258065,19067.7419354839,96860.6129032258,21640.3870967742,10077.8709677419,89761.5483870968,55.0301055151613,-7846.23781125271,1983-01-01,57706.4516129032,16493.5483870968,95522.7096774193,12297.5161290323,8428.45161290323,88908,57.0542632064516,36,24.2162162162162
1983,2,1,0.368871748447418,NA,"1983-02-01",0.368871748447418,0.368871748447418,"Bay Study",1983-02-01,1982-11-03,1983-02-07,"Yes",1983,79039.2857142857,31603.5714285714,183046.035714286,60479.8571428571,10246.0357142857,175756.25,46.9010182125,-5101.17945124681,1983-02-01,47512.9032258065,19067.7419354839,96860.6129032258,21640.3870967742,10077.8709677419,89761.5483870968,55.0301055151613,31.6923076923077,24.1785714285714
1983,3,46,0.126879447990138,0.0744725091098044,"1983-03-07",0.0840544626116753,0.6006680727005,"Bay Study",1983-03-07,1982-11-03,1983-02-07,"Yes",1983,78290.3225806452,40035.4838709677,266621.322580645,130358.387096774,5436.16129032258,266623.161290323,40.8910494980645,-4570.19882560829,1983-03-01,79039.2857142857,31603.5714285714,183046.035714286,60479.8571428571,10246.0357142857,175756.25,46.9010182125,36.4615384615385,18.2
1983,4,6,0.26073112587134,0.373112724426278,"1983-04-05",0.0917322337627411,1.02199673652649,"Bay Study",1983-04-05,1982-11-03,1983-02-07,"Yes",1983,60510,36446.6666666667,121802.566666667,17918.9333333333,3833.66666666667,118099.733333333,44.1432311363333,-7905.79190844538,1983-04-01,78290.3225806452,40035.4838709677,266621.322580645,130358.387096774,5436.16129032258,266623.161290323,40.8910494980645,52.6666666666667,31.8514854447676
1983,11,58,0.606088364817973,1.06191100336624,"1982-11-11",0.0691993683576584,4.25975942611694,"FMWT",1982-11-11,1982-11-03,1983-02-07,"Yes",1982,31523.3333333333,6974.33333333333,42768.5333333333,452.8,6072.76666666667,39152.3333333333,64.7999767746667,-5101.17945124681,1982-11-01,19229.0322580645,8179.35483870968,28817.1612903226,17.1290322580645,5295.03225806452,22975.3870967742,66.8826108745161,61.9655172413793,33.2753623188406
1983,12,70,0.387950273390327,0.821568305287873,"1982-12-09",0.0888520404696465,4.50882291793823,"FMWT",1982-12-09,1982-11-03,1983-02-07,"Yes",1982,57706.4516129032,16493.5483870968,95522.7096774193,12297.5161290323,8428.45161290323,88908,57.0542632064516,-4570.19882560829,1982-12-01,31523.3333333333,6974.33333333333,42768.5333333333,452.8,6072.76666666667,39152.3333333333,64.7999767746667,37.5,28.969696969697
1984,1,3,2.16918230056763,1.80037183195295,"1984-01-10",0.0902919769287109,3.20862746238708,"Bay Study",1984-01-10,1983-11-12,1984-01-16,"Yes",1984,56803.2258064516,25729.0322580645,103430.64516129,16699.7419354839,1720.03225806452,100905.806451613,47.1176361574194,-7846.23781125271,1984-01-01,74512.9032258065,19125.8064516129,154696.483870968,51892.2580645161,2142.1935483871,154586.870967742,50.4754610045161,43.7272727272727,33.25
1984,2,5,5.92668652534485,5.29643175696375,"1984-02-07",0.108561977744102,9.79464435577393,"Bay Study",1984-02-07,1983-11-12,1984-01-16,"Yes",1984,32372.4137931034,10833.1034482759,46831.275862069,1300.8275862069,5767.37931034483,41515.4482758621,56.1896705651724,-5101.17945124681,1984-02-01,56803.2258064516,25729.0322580645,103430.64516129,16699.7419354839,1720.03225806452,100905.806451613,47.1176361574194,78.8181818181818,37.53125
1984,3,15,8.42430769155423,6.0887282320746,"1984-03-06",0.095094159245491,12.8287487030029,"Bay Study",1984-03-06,1983-11-12,1984-01-16,"Yes",1984,31425.8064516129,7501.61290322581,42147.4838709677,1080.25806451613,6929.70967741936,34915.5161290323,60.3784977296774,-4570.19882560829,1984-03-01,32372.4137931034,10833.1034482759,46831.275862069,1300.8275862069,5767.37931034483,41515.4482758621,56.1896705651724,68.6363636363636,41.2962962962963
1984,4,25,0.306760219335556,0.658115336295469,"1984-04-02",0.0893319770693779,2.49214196205139,"Bay Study",1984-04-02,1983-11-12,1984-01-16,"Yes",1984,17933.3333333333,4285,23780.4333333333,332.8,7779.13333333333,14637.1333333333,66.439203897,-7905.79190844538,1984-04-01,31425.8064516129,7501.61290322581,42147.4838709677,1080.25806451613,6929.70967741936,34915.5161290323,60.3784977296774,69.3636363636364,50.6458332973222
1984,11,95,0.238885593335879,0.185337182899603,"1983-11-09",0.0893319770693779,1.33468163013458,"FMWT",1983-11-09,1983-11-12,1984-01-16,"No",1983,48820,10876.3333333333,71674.5333333333,5985.4,1754.33333333333,74137.1333333333,60.3115402563333,-5101.17945124681,1983-11-01,21148.3870967742,13322.5806451613,36150.4516129032,188.225806451613,2506.22580645161,32282.6451612903,62.8524559190323,60.2083333333333,49.3333333333333
1984,12,17,0.40705405088032,0.551187053081648,"1983-12-06",0.0754262953996658,2.11239862442017,"FMWT",1983-12-06,1983-11-12,1984-01-16,"Yes",1983,74512.9032258065,19125.8064516129,154696.483870968,51892.2580645161,2142.1935483871,154586.870967742,50.4754610045161,-4570.19882560829,1983-12-01,48820,10876.3333333333,71674.5333333333,5985.4,1754.33333333333,74137.1333333333,60.3115402563333,54,34.5957446808511
1985,1,6,0.254312497874101,0.274146956780269,"1985-01-10",0.142392471432686,0.813912630081177,"Bay Study",1985-01-10,1984-11-15,1984-12-07,"Yes",1985,16790.3225806452,4070.32258064516,21381.1290322581,48.4838709677419,5835.25806451613,15120.2258064516,68.44782162,-7846.23781125271,1985-01-01,32558.064516129,4774.83870967742,39733.3870967742,1131.35483870968,8464.51612903226,31066.3225806452,64.2851875896774,81,57.5714285714286
1985,2,7,0.45058197421687,0.511901058013338,"1985-02-05",0.166220337152481,1.44367599487305,"Bay Study",1985-02-05,1984-11-15,1984-12-07,"Yes",1985,18271.4285714286,3242.5,22682.7857142857,156.785714285714,7614.46428571429,15589.9285714286,71.7629455539286,-5101.17945124681,1985-02-01,16790.3225806452,4070.32258064516,21381.1290322581,48.4838709677419,5835.25806451613,15120.2258064516,68.44782162,75.3333333333333,48.6333333333333
1985,3,2,0.635826446115971,0.705362101855727,"1985-03-04",0.13706012070179,1.13459277153015,"Bay Study",1985-03-04,1984-11-15,1984-12-07,"Yes",1985,14309.6774193548,2742.58064516129,18008.3870967742,4.61290322580645,8638.58064516129,10409.8064516129,75.8094290009677,-4570.19882560829,1985-03-01,18271.4285714286,3242.5,22682.7857142857,156.785714285714,7614.46428571429,15589.9285714286,71.7629455539286,86.6,36.9032258064516
1985,11,6,3.34170337518056,2.8018947787187,"1984-11-05",0.335133492946625,5.85058450698853,"Bay Study",1984-11-05,1984-11-15,1984-12-07,"No",1984,26280,2865,31818.5666666667,1489.13333333333,7996.26666666667,25952.7333333333,72.4522085633333,-5101.17945124681,1984-11-01,13235.4838709677,4029.35483870968,18056.6451612903,19.5483870967742,5622.03225806452,11899.3225806452,74.3578737393548,70.3571428571429,40.8793103448276
1985,12,29,0.398930768257585,0.436578860873415,"1984-12-06",0.0888520404696465,1.7683082818985,"FMWT",1984-12-06,1984-11-15,1984-12-07,"Yes",1984,32558.064516129,4774.83870967742,39733.3870967742,1131.35483870968,8464.51612903226,31066.3225806452,64.2851875896774,-4570.19882560829,1984-12-01,26280,2865,31818.5666666667,1489.13333333333,7996.26666666667,25952.7333333333,72.4522085633333,50.5625,33.1063829787234
1986,1,1,1.92386293411255,NA,"1986-01-06",1.92386293411255,1.92386293411255,"Bay Study",1986-01-06,1985-12-04,1986-03-04,"Yes",1986,19964.5161290323,2059.67741935484,23316.2903225806,142.387096774194,9070.54838709677,15208.8387096774,80.8235369706452,-7846.23781125271,1986-01-01,16106.4516129032,2205.16129032258,19091.2903225806,181.774193548387,9858.61290322581,9430.16129032258,81.8707942596774,80.9090909090909,55.8947368421053
1986,2,4,0.977282375097275,0.462953349670557,"1986-02-03",0.576353013515472,1.37821173667908,"Bay Study",1986-02-03,1985-12-04,1986-03-04,"Yes",1986,68892.8571428571,8743.57142857143,207820.035714286,115390.928571429,6074,205414.107142857,61.9742646360714,-5101.17945124681,1986-02-01,19964.5161290323,2059.67741935484,23316.2903225806,142.387096774194,9070.54838709677,15208.8387096774,80.8235369706452,61,27.741935483871
1986,3,15,0.136301239331563,0.171203740084322,"1986-03-03",0.0462118349969387,0.554156839847565,"Bay Study",1986-03-03,1985-12-04,1986-03-04,"Yes",1986,74983.8709677419,25035.4838709677,168596.290322581,58664.4193548387,3199.12903225806,169447.483870968,45.8980756845161,-4570.19882560829,1986-03-01,68892.8571428571,8743.57142857143,207820.035714286,115390.928571429,6074,205414.107142857,61.9742646360714,41.1818181818182,21.0789473684211
1986,11,20,1.33048657551408,0.357300223128247,"1985-11-08",0.110007002949715,1.70855629444122,"FMWT",1985-11-08,1985-12-04,1986-03-04,"No",1985,10417.6666666667,1929,12680.7333333333,24.9666666666667,7330.43333333333,6889.7,89.981530705,-5101.17945124681,1985-11-01,9710.64516129032,2071.93548387097,12011.9677419355,20,7715.77419354839,3365.54838709677,92.0595459512903,95.7647058823529,75.2352941176471
1986,12,30,2.13307077735662,1.1277913253865,"1985-12-03",0.128347620368004,2.8515477180481,"Bay Study",1985-12-03,1985-12-04,1986-03-04,"No",1985,16106.4516129032,2205.16129032258,19091.2903225806,181.774193548387,9858.61290322581,9430.16129032258,81.8707942596774,-4570.19882560829,1985-12-01,10417.6666666667,1929,12680.7333333333,24.9666666666667,7330.43333333333,6889.7,89.981530705,76,52.28
1987,1,6,0.523366282383601,0.294169778675764,"1987-01-05",0.403271973133087,1.12383782863617,"Bay Study",1987-01-05,1987-02-15,1987-03-15,"No",1987,13170.9677419355,2305.16129032258,15984.9032258065,25,6251.90322580645,10818.1612903226,77.3944753445161,-7846.23781125271,1987-01-01,13109.6774193548,3706.12903225806,17406.1612903226,25,7260.06451612903,8986.35483870968,78.8341850625806,80,38.875
1987,3,3,1.61369180679321,0,"1987-03-02",1.61369180679321,1.61369180679321,"Bay Study",1987-03-02,1987-02-15,1987-03-15,"Yes",1987,21577.4193548387,3414.51612903226,26321.6774193548,219.258064516129,5600.22580645161,22915.9677419355,71.6922064948387,-4570.19882560829,1987-03-01,17403.5714285714,2136.07142857143,20150.2857142857,30.6428571428571,6845.35714285714,16859.1428571429,74.1258912478571,66.5,32.5333333333333
1987,4,1,1.13997256755829,NA,"1987-04-06",1.13997256755829,1.13997256755829,"Bay Study",1987-04-06,1987-02-15,1987-03-15,"Yes",1987,11826.3333333333,2867,15165.8666666667,45.7666666666667,7100.4,6212.23333333333,76.4958668633333,-7905.79190844538,1987-04-01,21577.4193548387,3414.51612903226,26321.6774193548,219.258064516129,5600.22580645161,22915.9677419355,71.6922064948387,66.9166666666667,28.826315893625
1987,11,35,3.71908894223826,2.05361222953069,"1986-11-05",0.172562405467033,6.59881210327148,"FMWT",1986-11-05,1987-02-15,1987-03-15,"No",1986,12680,2841.66666666667,16283.7,24.9666666666667,6860.33333333333,7731.66666666667,78.1794498906667,-5101.17945124681,1986-11-01,15445.1612903226,3741.29032258065,20058.064516129,20,7585.12903225806,10608.4193548387,75.8855702719355,63.0714285714286,36.2131147540984
1987,12,70,3.48983876492296,2.55015128437883,"1986-12-04",0.143362641334534,8.92996788024902,"FMWT",1986-12-04,1987-02-15,1987-03-15,"No",1986,13109.6774193548,3706.12903225806,17406.1612903226,25,7260.06451612903,8986.35483870968,78.8341850625806,-4570.19882560829,1986-12-01,12680,2841.66666666667,16283.7,24.9666666666667,6860.33333333333,7731.66666666667,78.1794498906667,67.3333333333333,43.4126984126984
1988,2,3,0.257910594344139,0.0151729031905947,"1988-02-01",0.240390434861183,0.266670674085617,"Bay Study",1988-02-01,1987-12-12,1988-01-13,"Yes",1988,12187.9310344828,1388.96551724138,13762.6551724138,16.0689655172414,10028.3793103448,3062.1724137931,86.7997885489655,-7949.91103970624,1988-02-01,25400,1482.58064516129,28788.6129032258,1570.70967741935,10419.8387096774,19590.7096774194,75.8569798835484,75.5833333333333,31.1785714285714
1988,3,1,9.41335391998291,NA,"1988-03-07",9.41335391998291,9.41335391998291,"Bay Study",1988-03-07,1987-12-12,1988-01-13,"Yes",1988,11348.3870967742,2240.64516129032,13880,25.9354838709677,8502.06451612903,4480.64516129032,94.2550215964516,-6539.03225806452,1988-03-01,12187.9310344828,1388.96551724138,13762.6551724138,16.0689655172414,10028.3793103448,3062.1724137931,86.7997885489655,75,31.9666666666667
1988,11,83,1.64025975099529,1.11058669221412,"1987-11-16",0.235939905047417,4.75961923599243,"FMWT",1987-11-16,1987-12-12,1988-01-13,"No",1987,8129.33333333333,1548,9814.73333333333,24.9666666666667,5460,4291.03333333333,89.4031261546667,-4603.33333333333,1987-11-01,9509.03225806452,1369.67741935484,11024.7741935484,20.0322580645161,5935.29032258064,3761.25806451613,91.8251334154839,88.8181818181818,60.1492537313433
1988,12,58,1.63993360680239,1.90455515641333,"1987-12-11",0.0926925912499428,8.96216011047363,"FMWT",1987-12-11,1987-12-12,1988-01-13,"No",1987,15743.8709677419,1278.06451612903,17201.5483870968,25,8986.25806451613,9454.09677419355,82.3597563180645,-7204.83870967742,1987-12-01,8129.33333333333,1548,9814.73333333333,24.9666666666667,5460,4291.03333333333,89.4031261546667,64.8461538461538,51.4918032786885
1989,1,1,2.24335169792175,NA,"1989-01-05",2.24335169792175,2.24335169792175,"Bay Study",1989-01-05,1989-03-05,1989-03-23,"No",1989,12825.1612903226,1255.16129032258,14236.2580645161,25,10225.3548387097,3653.22580645161,90.1293266541935,-8186.92865203915,1989-01-01,12387.7419354839,1371.93548387097,13886.3548387097,25,7211.74193548387,7230.93548387097,86.0549456187097,72,35.7142857142857
1989,2,1,3.28389954566956,NA,"1989-02-01",3.28389954566956,3.28389954566956,"Bay Study",1989-02-01,1989-03-05,1989-03-23,"No",1989,12057.1428571429,1233.92857142857,13511.3214285714,16.0714285714286,8227.96428571429,6378.53571428571,94.9332723971429,-6266.67857142857,1989-02-01,12825.1612903226,1255.16129032258,14236.2580645161,25,10225.3548387097,3653.22580645161,90.1293266541935,103.166666666667,41.0384615384615
1989,11,22,2.30210626125336,0.992312739838743,"1988-11-15",0.808642983436584,3.41274929046631,"FMWT",1988-11-15,1989-03-05,1989-03-23,"No",1988,11355.6666666667,1274.33333333333,12738.5333333333,24.9666666666667,6128.13333333333,6619.3,89.2359634173333,-5101.17945124681,1988-11-01,9314.1935483871,1126.58064516129,10518.8387096774,20.0322580645161,5716.06451612903,3141.64516129032,93.5275098680645,92.3571428571429,48.5409836065574
1989,12,19,1.01907354122714,1.12608671948194,"1988-12-13",0.287580460309982,5.40673589706421,"FMWT",1988-12-13,1989-03-05,1989-03-23,"No",1988,12387.7419354839,1371.93548387097,13886.3548387097,25,7211.74193548387,7230.93548387097,86.0549456187097,-4570.19882560829,1988-12-01,11355.6666666667,1274.33333333333,12738.5333333333,24.9666666666667,6128.13333333333,6619.3,89.2359634173333,85.9090909090909,45
1990,3,2,2.75149291753769,1.19958874423258,"1990-03-05",1.90325558185577,3.5997302532196,"Bay Study",1990-03-05,1990-01-15,1990-01-17,"Yes",1990,12867.7419354839,1760.32258064516,15136.2580645161,25.9032258064516,10651.3548387097,3813.12903225806,87.7814993754839,-8591.56275170938,1990-03-01,13803.5714285714,1365.35714285714,15474.3928571429,20.2857142857143,10580.5357142857,6787.57142857143,84.1999650028571,89.8333333333333,31.5806451612903
1990,11,136,1.7547004561433,0.89985118206241,"1989-11-13",0.0816568657755852,3.44880294799805,"FMWT",1989-11-13,1990-01-15,1990-01-17,"No",1989,14830,1404.33333333333,16503.4,24.9333333333333,10403.9,5477.8,88.4839194233333,-9460.66666666667,1989-11-01,14274.1935483871,1400.96774193548,15802.4838709677,16.9354838709677,10566.8709677419,4925.8064516129,95.1064947629032,84.8214285714286,54.8636363636364
1990,12,39,2.71879226580644,2.91334091536133,"1989-12-11",0.399723678827286,12.9740209579468,"FMWT",1989-12-11,1990-01-15,1990-01-17,"No",1989,15396.7741935484,1381.29032258065,16944.9677419355,25,10465.1612903226,4399.16129032258,85.3844555545161,-8573.3562786457,1989-12-01,14830,1404.33333333333,16503.4,24.9333333333333,10403.9,5477.8,88.4839194233333,108.925925925926,59.52
1991,1,153,1.84735923518542,2.84435892360874,"1991-01-09",0.0974967032670975,12.6614379882812,"FMWT",1991-01-09,1991-03-06,1991-03-22,"No",1991,8983.87096774194,816.290322580645,9894.32258064516,25,4952.16129032258,3972.93548387097,86.0875345254839,-3772.27798911923,1991-01-01,10818.3870967742,918.41935483871,11826.3225806452,25,5246.58064516129,6383.45161290323,84.2606827716129,100.714285714286,58.3538461538462
1991,2,42,3.64023892989471,3.48777499148868,"1991-02-06",0.116273604333401,10.7945547103882,"FMWT",1991-02-06,1991-03-06,1991-03-22,"No",1991,8133.21428571429,757.857142857143,8993.21428571429,16.0714285714286,4579.92857142857,7361.46428571429,84.8795022485714,-4005.75,1991-02-01,8983.87096774194,816.290322580645,9894.32258064516,25,4952.16129032258,3972.93548387097,86.0875345254839,92.1351351351351,47.3684210526316
1991,3,39,1.66350329992099,3.02018063145149,"1991-03-07",0.106154508888721,9.7030029296875,"FMWT",1991-03-07,1991-03-06,1991-03-22,"Yes",1991,25754.8387096774,1778.90322580645,29651.9032258065,892.806451612903,9809.77419354839,24579.3870967742,77.4136036683871,-7474.38709677419,1991-03-01,8133.21428571429,757.857142857143,8993.21428571429,16.0714285714286,4579.92857142857,7361.46428571429,84.8795022485714,58.625,34.1780821917808
1991,4,1,0.367862343788147,NA,"1991-04-04",0.367862343788147,0.367862343788147,"Bay Study",1991-04-04,1991-03-06,1991-03-22,"Yes",1991,10879,1168.16666666667,12602.2666666667,45.7,7584.53333333333,3763.86666666667,86.1386909186667,-6458,1991-04-01,25754.8387096774,1778.90322580645,29651.9032258065,892.806451612903,9809.77419354839,24579.3870967742,77.4136036683871,53,32.7215188907672
1991,11,136,1.45570683473831,1.07516437714524,"1990-11-09",0.117720879614353,5.34099245071411,"FMWT",1990-11-09,1991-03-06,1991-03-22,"No",1990,7722.66666666667,1115.33333333333,9065.23333333333,25.5666666666667,3919.9,4494.93333333333,89.0235217016667,-3316.90292617054,1990-11-01,7620.32258064516,993.193548387097,8863.06451612903,15,3641.51612903226,3405.09677419355,94.0885042532258,96.4137931034483,51.3333333333333
1991,12,15,4.04780467748642,3.97784024561427,"1990-12-10",0.57583624124527,11.1363735198975,"FMWT",1990-12-10,1991-03-06,1991-03-22,"No",1990,10818.3870967742,918.41935483871,11826.3225806452,25,5246.58064516129,6383.45161290323,84.2606827716129,-4039.10233821866,1990-12-01,7722.66666666667,1115.33333333333,9065.23333333333,25.5666666666667,3919.9,4494.93333333333,89.0235217016667,116.344827586207,56.8947368421053
1992,1,36,0.982101762874259,1.36398994950564,"1992-01-09",0.0989387184381485,5.94542837142944,"FMWT",1992-01-09,1992-02-14,1992-02-25,"No",1992,10440.9677419355,959.258064516129,11640.064516129,25,6432.03225806452,6413.38709677419,82.9930225432258,-5398.1935483871,1992-01-01,9259.35483870968,894.774193548387,10384.7741935484,25,3196.51612903226,7622.51612903226,85.53612267,105.135135135135,59.2586206896552
1992,2,25,3.33506393015385,3.79717229233085,"1992-02-04",0.16524538397789,11.6999607086182,"FMWT",1992-02-04,1992-02-14,1992-02-25,"No",1992,26061.3793103448,2090.75862068966,30479.1724137931,1043.1724137931,6123.37931034483,28758.8275862069,76.3848082896552,-3958.36206896552,1992-02-01,10440.9677419355,959.258064516129,11640.064516129,25,6432.03225806452,6413.38709677419,82.9930225432258,95.1666666666667,56.5970149253731
1992,3,28,0.414533064833709,0.566104779916342,"1992-03-17",0.0859730988740921,2.14269757270813,"FMWT",1992-03-17,1992-02-14,1992-02-25,"Yes",1992,20335.4838709677,1469.67741935484,22890.5483870968,264.967741935484,10481.1612903226,13282.6774193548,71.7984171445161,-8288.38709677419,1992-03-01,26061.3793103448,2090.75862068966,30479.1724137931,1043.1724137931,6123.37931034483,28758.8275862069,76.3848082896552,61.7755102040816,35.1830985915493
1992,4,3,0.347971975803375,0.274171482112896,"1992-04-13",0.189678996801376,0.664557933807373,"Bay Study",1992-04-13,1992-02-14,1992-02-25,"Yes",1992,9448.33333333333,1418.33333333333,11303.1,45.7666666666667,3164.66666666667,6258.43333333333,79.7878570163333,-2733.18107079208,1992-04-01,20335.4838709677,1469.67741935484,22890.5483870968,264.967741935484,10481.1612903226,13282.6774193548,71.7984171445161,68.3333333333333,36.3987139011119
1992,11,248,2.07552586576992,1.87362937720303,"1991-11-08",0.12158241122961,10.7656354904175,"FMWT",1991-11-08,1992-02-14,1992-02-25,"No",1991,6958.33333333333,1084,8387.26666666667,32.8333333333333,3197.1,3909.33333333333,89.5922926143333,-2853.45979394285,1991-11-01,9398.06451612903,788.483870967742,10360.3870967742,40,5381.93548387097,3909.09677419355,90.5544560006452,104.636363636364,59.3392857142857
1992,12,34,2.5127224106999,2.97580669052781,"1991-12-06",0.100381106138229,11.701904296875,"FMWT",1991-12-06,1992-02-14,1992-02-25,"No",1991,9259.35483870968,894.774193548387,10384.7741935484,25,3196.51612903226,7622.51612903226,85.53612267,-2821.03225806452,1991-12-01,6958.33333333333,1084,8387.26666666667,32.8333333333333,3197.1,3909.33333333333,89.5922926143333,133.555555555556,58.7931034482759
1993,1,12,3.5083463465174,2.11013275428669,"1993-01-08",0.277614384889603,5.79774808883667,"FMWT",1993-01-08,1992-12-13,1993-03-01,"Yes",1993,48261.2903225806,4120,64084.9032258065,8694.16129032258,11670.6774193548,57885.8709677419,70.6380760983871,-8014.1935483871,1993-01-01,12440.3225806452,981.516129032258,13836.3225806452,36.1290322580645,4095.41935483871,11602.7419354839,82.8461878083871,26.5135135135135,33.4107142857143
1993,2,11,0.354700123044577,0.500163125858996,"1993-02-08",0.103267028927803,1.48523926734924,"FMWT",1993-02-08,1992-12-13,1993-03-01,"Yes",1993,48596.4285714286,3035.35714285714,61109.9285714286,7181.10714285714,9331.42857142857,55021.6428571429,60.4088443817857,-6473.72621391966,1993-02-01,48261.2903225806,4120,64084.9032258065,8694.16129032258,11670.6774193548,57885.8709677419,70.6380760983871,25.6944444444444,21.046875
1993,3,26,0.187082221588263,0.202491647219951,"1993-03-10",0.0433354303240776,1.16366302967072,"FMWT",1993-03-10,1992-12-13,1993-03-01,"Yes",1993,49338.7096774194,2702.25806451613,67710.9032258065,13016.6129032258,6036.77419354839,63968.6129032258,58.3827172993548,-3668.1935483871,1993-03-01,48596.4285714286,3035.35714285714,61109.9285714286,7181.10714285714,9331.42857142857,55021.6428571429,60.4088443817857,66.1621621621622,25.7936507936508
1993,4,8,0.0816437914036214,0.0265253052832716,"1993-04-15",0.0591443218290806,0.140937581658363,"FMWT",1993-04-15,1992-12-13,1993-03-01,"Yes",1993,43213.3333333333,3420.66666666667,51317.9333333333,2583.76666666667,5757.36666666667,44295.9333333333,56.777360703,-3201.52333333333,1993-04-01,49338.7096774194,2702.25806451613,67710.9032258065,13016.6129032258,6036.77419354839,63968.6129032258,58.3827172993548,69.6756756756757,42.0343748223036
1993,11,51,0.703007116183346,0.910594305645708,"1992-11-06",0.114826761186123,6.51658630371094,"FMWT",1992-11-06,1992-12-13,1993-03-01,"No",1992,6380,955.666666666667,7592.96666666667,24.9333333333333,2476.56666666667,4125.83333333333,87.7091545706667,-2261.23333333333,1992-11-01,6645.16129032258,848.677419354839,7712.38709677419,29.5161290322581,1928.22580645161,4350.48387096774,89.1637005645161,96.8108108108108,56.0701754385965
1993,12,23,3.57469496454882,3.29376650476717,"1992-12-11",0.148702248930931,10.4345779418945,"FMWT",1992-12-11,1992-12-13,1993-03-01,"No",1992,12440.3225806452,981.516129032258,13836.3225806452,36.1290322580645,4095.41935483871,11602.7419354839,82.8461878083871,-3424.53870967742,1992-12-01,6380,955.666666666667,7592.96666666667,24.9333333333333,2476.56666666667,4125.83333333333,87.7091545706667,93.9166666666667,57.8103448275862
1994,1,91,4.41113400385602,3.06070092936875,"1994-01-11",0.108080394566059,9.73672294616699,"FMWT",1994-01-11,1993-12-13,1994-01-14,"Yes",1994,14190.3225806452,1772.90322580645,16317.4193548387,25,5910.93548387097,10787.1612903226,77.1572476141936,-3887.78001890768,1994-01-01,20341.935483871,1628.06451612903,22454.8064516129,25,10576.4193548387,12360.8387096774,78.4173534177419,109.055555555556,59.2780749389832
1994,2,116,2.83897296377811,1.9905721573222,"1994-02-10",0.0902919769287109,8.46724128723145,"FMWT",1994-02-10,1993-12-13,1994-01-14,"Yes",1994,20196.4285714286,1987.14285714286,22903.1785714286,224.321428571429,5918.89285714286,20557.0357142857,72.7093377921429,-3836.39391395735,1994-02-01,14190.3225806452,1772.90322580645,16317.4193548387,25,5910.93548387097,10787.1612903226,77.1572476141936,84.9444444444444,51.3388887418641
1994,3,87,0.738099456090352,0.557667763780476,"1994-03-08",0.0644109845161438,2.33190488815308,"FMWT",1994-03-08,1993-12-13,1994-01-14,"Yes",1994,13460.6451612903,2205.8064516129,16108.4516129032,19,4360.90322580645,10595.0967741935,72.7349561877419,-2462.93980697879,1994-03-01,20196.4285714286,1987.14285714286,22903.1785714286,224.321428571429,5918.89285714286,20557.0357142857,72.7093377921429,88.5675675675676,40.5663265160152
1994,4,77,0.36843309009617,0.677098135634219,"1994-04-05",0.0999002680182457,2.58079886436462,"Bay Study",1994-04-05,1993-12-13,1994-01-14,"Yes",1994,8435,1862.66666666667,10866.3666666667,35.7666666666667,2097.86666666667,8149.66666666667,78.225325137,-1449.90946879774,1994-04-01,13460.6451612903,2205.8064516129,16108.4516129032,19,4360.90322580645,10595.0967741935,72.7349561877419,70.1139239782019,38.9817627869478
1994,11,68,5.33574356127749,3.89367803606372,"1993-11-10",0.0816568657755852,10.4505939483643,"FMWT",1993-11-10,1993-12-13,1994-01-14,"No",1993,12093.3333333333,1759,14369.2666666667,24.7,7024.3,7380.6,84.136331686,-5333.24974378498,1993-11-01,13819.3548387097,3040.64516129032,17386.1935483871,20.0322580645161,10967.8709677419,5117.83870967742,84.722894636129,93.8648648648649,65.8418079776279
1994,12,117,5.23330896022992,4.18480013902989,"1993-12-09",0.227543264627457,12.4721794128418,"FMWT",1993-12-09,1993-12-13,1994-01-14,"No",1993,20341.935483871,1628.06451612903,22454.8064516129,25,10576.4193548387,12360.8387096774,78.4173534177419,-8463.91762945596,1993-12-01,12093.3333333333,1759,14369.2666666667,24.7,7024.3,7380.6,84.136331686,91.5135135135135,57.7861842069971
1995,1,39,5.16553902864838,3.11698960308774,"1995-01-06",0.0586655251681805,9.62669849395752,"FMWT",1995-01-06,1994-12-06,1995-03-05,"Yes",1995,62209.6774193548,4599.35483870968,112460.258064516,41438.5161290323,11766.5806451613,107487.483870968,68.8981722658065,-7492.90322580645,1995-01-01,16371.2903225806,1294.83870967742,18153.3548387097,24.6774193548387,7589.83870967742,9629.48387096774,82.0734662929032,39.4594594594595,20.6115942127031
1995,2,16,0.570432288572192,0.235654069865642,"1995-02-07",0.279606312513351,0.977702140808105,"FMWT",1995-02-07,1994-12-06,1995-03-05,"Yes",1995,58182.1428571429,6559.28571428571,82108.3928571429,15151.3214285714,8897.89285714286,72835.9642857143,53.8956289385714,-4271.60714285714,1995-02-01,62209.6774193548,4599.35483870968,112460.258064516,41438.5161290323,11766.5806451613,107487.483870968,68.8981722658065,53.275,26.1450000439584
1995,3,22,0.646302904595028,0.434165271263613,"1995-03-07",0.125447064638138,1.84819400310516,"FMWT",1995-03-07,1994-12-06,1995-03-05,"Yes",1995,71922.5806451613,14611.935483871,196793.870967742,101951.774193548,2985.1935483871,200644.903225806,50.8340776841935,5115.90322580645,1995-03-01,58182.1428571429,6559.28571428571,82108.3928571429,15151.3214285714,8897.89285714286,72835.9642857143,53.8956289385714,45.8974358974359,27.2818532316841
1995,4,13,0.263863090139169,0.259662841875397,"1995-04-03",0.0596231147646904,0.843988120555878,"Bay Study",1995-04-03,1994-12-06,1995-03-05,"Yes",1995,61436.6666666667,19933.3333333333,95321.3666666667,8980.63333333333,3603.83333333333,90836.9,47.679706957,6954.33333333333,1995-04-01,71922.5806451613,14611.935483871,196793.870967742,101951.774193548,2985.1935483871,200644.903225806,50.8340776841935,72.1538461538462,34.4159020440659
1995,11,5,6.23115295171738,4.59901963602429,"1994-11-09",0.36483496427536,12.7679414749146,"FMWT",1994-11-09,1994-12-06,1995-03-05,"No",1994,9488.66666666667,1287.66666666667,11097.7,25,6228.26666666667,5356.16666666667,87.462753513,-5004,1994-11-01,8255.16129032258,1369.54838709677,9883,24.2903225806452,5485.48387096774,3217.1935483871,88.3476925945161,108.891891891892,51.0930231736843
1995,12,12,6.44935391594966,4.37431081130164,"1994-12-07",0.127380564808846,13.4982566833496,"FMWT",1994-12-07,1994-12-06,1995-03-05,"Yes",1994,16371.2903225806,1294.83870967742,18153.3548387097,24.6774193548387,7589.83870967742,9629.48387096774,82.0734662929032,-6047.69500690682,1994-12-01,9488.66666666667,1287.66666666667,11097.7,25,6228.26666666667,5356.16666666667,87.462753513,95.7222222222222,50.4840762157729
1996,1,70,0.658573244192771,0.474423615588944,"1996-01-04",0.0888520404696465,1.99974083900452,"FMWT",1996-01-04,1995-12-22,1996-03-01,"Yes",1996,32867.7419354839,2430.64516129032,39664.7419354839,2356.77419354839,10092.3548387097,32144.3548387097,69.0655086193548,-7256.12903225806,1996-01-01,24570.9677419355,2250.32258064516,28431.9032258065,1033.1935483871,4522.77419354839,27709.0322580645,73.1897372264516,65.15625,30.0387324225945
1996,2,116,0.374003056629465,0.22952533759743,"1996-02-07",0.0577079132199287,0.953206062316895,"FMWT",1996-02-07,1995-12-22,1996-03-01,"Yes",1996,75272.4137931034,11472.7586206897,129684.275862069,36525.9655172414,6656.96551724138,126912.482758621,55.6413131668966,142.137931034483,1996-02-01,32867.7419354839,2430.64516129032,39664.7419354839,2356.77419354839,10092.3548387097,32144.3548387097,69.0655086193548,56.6666666666667,23.257042235262
1996,3,196,0.604925210948805,0.506379551806919,"1996-03-05",0.0586655251681805,1.85375070571899,"FMWT",1996-03-05,1995-12-22,1996-03-01,"Yes",1996,56235.4838709677,15070.9677419355,91804.2580645161,15392.1935483871,3580.64516129032,89147.8064516129,49.7859441635484,-4570.19882560829,1996-03-01,75272.4137931034,11472.7586206897,129684.275862069,36525.9655172414,6656.96551724138,126912.482758621,55.6413131668966,68.7272727272727,28.1914191409306
1996,4,26,0.324621416055239,0.855046567751558,"1996-04-01",0.0653685927391052,4.51120090484619,"Bay Study",1996-04-01,1995-12-22,1996-03-01,"Yes",1996,35983.3333333333,7500.33333333333,47711.5333333333,1448.56666666667,4353.23333333333,42032.4,56.5235318413333,-306.718144343924,1996-04-01,56235.4838709677,15070.9677419355,91804.2580645161,15392.1935483871,3580.64516129032,89147.8064516129,49.7859441635484,46.049122654346,43.086309386506
1996,11,310,2.57492329040843,1.27730678341774,"1995-11-09",0.0629746094346046,6.30897665023804,"FMWT",1995-11-09,1995-12-22,1996-03-01,"No",1995,12610,2428.33333333333,15739.2666666667,20,5625.9,8383.36666666667,79.4947329166667,-3573.88120007857,1995-11-01,14145.1612903226,5691.93548387097,20681.6451612903,20.0322580645161,7445.77419354839,11371.3548387097,71.8703145158065,102.666666666667,42.0568181520159
1996,12,106,2.95515791115896,1.69749819805023,"1995-12-07",0.1975237429142,11.5303344726562,"FMWT",1995-12-07,1995-12-22,1996-03-01,"No",1995,24570.9677419355,2250.32258064516,28431.9032258065,1033.1935483871,4522.77419354839,27709.0322580645,73.1897372264516,-2644.27247372778,1995-12-01,12610,2428.33333333333,15739.2666666667,20,5625.9,8383.36666666667,79.4947329166667,86.1842105263158,39.5806450773311
1997,1,2,0.230039104819298,0.147915481740468,"1997-01-09",0.125447064638138,0.334631145000458,"Bay Study",1997-01-09,1996-12-06,1997-01-21,"Yes",1997,87109.6774193548,30377.4193548387,262990.225806452,127166.677419355,2742.22580645161,262461.483870968,46.5167741935484,22270.5351000238,1997-01-01,58419.3548387097,12191.6129032258,88286.7741935484,9692.12903225806,7778.41935483871,84409.8709677419,67.47,27.6,13.5684210425929
1997,2,9,0.963938300808271,2.46431106267015,"1997-02-05",0.0543559789657593,7.53459548950195,"FMWT",1997-02-05,1996-12-06,1997-01-21,"Yes",1997,57328.5714285714,35057.1428571429,121381.785714286,20808.2142857143,2356.39285714286,118675.892857143,44.8117857142857,20630.7142857143,1997-02-01,87109.6774193548,30377.4193548387,262990.225806452,127166.677419355,2742.22580645161,262461.483870968,46.5167741935484,34.6129032258064,20.0620437706039
1997,3,46,0.166284341446084,0.498136500585129,"1997-03-05",0.0342166423797607,3.30128908157349,"FMWT",1997-03-05,1996-12-06,1997-01-21,"Yes",1997,24467.7419354839,13034.5161290323,40907.935483871,423.935483870968,7068.77419354839,33774.8709677419,55.6448387096774,969.120829622631,1997-03-01,57328.5714285714,35057.1428571429,121381.785714286,20808.2142857143,2356.39285714286,118675.892857143,44.8117857142857,57.2249998822808,26.8857143110159
1997,4,9,0.267577859262625,0.246697089038536,"1997-04-16",0.082615815103054,0.867248237133026,"Bay Study",1997-04-16,1996-12-06,1997-01-21,"Yes",1997,13493.3333333333,4728.33333333333,20306.8333333333,449.7,4741.53333333333,14212.8666666667,68.5253333333333,-3661.73333333333,1997-04-01,24467.7419354839,13034.5161290323,40907.935483871,423.935483870968,7068.77419354839,33774.8709677419,55.6448387096774,51.898113046952,19.5337079283729
1997,11,32,0.970607261173427,1.03311702750499,"1996-11-04",0.252275913953781,5.7953200340271,"Bay Study",1996-11-04,1996-12-06,1997-01-21,"No",1996,15500,2715,19074.4,63.2666666666667,10119.2333333333,10035.4333333333,82.0326666666667,-7870,1996-11-01,12690.3225806452,2690.64516129032,16027.064516129,191.258064516129,9915.25806451613,4768.96774193548,84.7970967741935,59.3986012243724,47.7927925565221
1997,12,80,2.69293384086341,0.791080755692023,"1996-12-10",0.078301414847374,4.46960830688477,"FMWT",1996-12-10,1996-12-06,1997-01-21,"Yes",1996,58419.3548387097,12191.6129032258,88286.7741935484,9692.12903225806,7778.41935483871,84409.8709677419,67.47,-1411.04838709677,1996-12-01,15500,2715,19074.4,63.2666666666667,10119.2333333333,10035.4333333333,82.0326666666667,48.6767677821294,35.4802867225421
1998,1,42,2.69359785495769,1.55083801655115,"1998-01-08",0.123514339327812,4.74947023391724,"FMWT",1998-01-08,1997-11-30,1998-02-28,"Yes",1998,51783.8709677419,6025.16129032258,73115.2903225807,12890.8064516129,7268,68871.4838709677,69.0325806451613,-3268.87741935484,1998-01-01,22009.6774193548,2116.45161290323,25365.2580645161,490.483870967742,11044.6129032258,14613.6774193548,74.2554838709677,54.4545454545455,23.9929824967133
1998,3,51,0.224373658571173,0.391545492748141,"1998-03-04",0.0457325242459774,1.75446426868439,"FMWT",1998-03-04,1997-11-30,1998-02-28,"Yes",1998,63829.0322580645,19351.6129032258,106097.774193548,18120.2258064516,2274.29032258065,104584.387096774,47.1087096774194,8189.35483870968,1998-03-01,81367.8571428571,28121.4285714286,221152.5,102083.071428571,3321,224704.035714286,48.775,57.7878787878788,24.3220339140902
1998,4,3,0.171129636466503,0.072457265049196,"1998-04-07",0.116273604333401,0.253267496824265,"Bay Study",1998-04-07,1997-11-30,1998-02-28,"Yes",1998,57683.3333333333,21936.6666666667,90775.8666666667,7128.2,1729.86666666667,88661.2333333333,49.356,9883.66666666667,1998-04-01,63829.0322580645,19351.6129032258,106097.774193548,18120.2258064516,2274.29032258065,104584.387096774,47.1087096774194,45.1902652330103,37.4954127807409
1998,11,59,2.77787017961175,3.0723649358423,"1997-11-12",0.082615815103054,11.780327796936,"FMWT",1997-11-12,1997-11-30,1998-02-28,"No",1997,14793.3333333333,1980.66666666667,17382.8666666667,99.2666666666667,9297.9,10013.5333333333,83.222,-6834.38925083713,1997-11-01,12009.0322580645,2705.8064516129,15220.7419354839,198.290322580645,8825.8064516129,4842,86.2383870967742,89.2121212121212,58.8538009939138
1998,12,116,2.64290885177666,1.60217445284144,"1997-12-03",0.166707888245583,8.00997734069824,"FMWT",1997-12-03,1997-11-30,1998-02-28,"Yes",1997,22009.6774193548,2116.45161290323,25365.2580645161,490.483870967742,11044.6129032258,14613.6774193548,74.2554838709677,-8471.61290322581,1997-12-01,14793.3333333333,1980.66666666667,17382.8666666667,99.2666666666667,9297.9,10013.5333333333,83.222,67.5151515151515,30.833846107813
1999,1,12,1.08735945820808,0.0817685136123697,"1999-01-07",1.03429234027863,1.26035249233246,"Bay Study",1999-01-07,1998-11-24,1999-02-19,"Yes",1999,34503.2258064516,4730.32258064516,41662.935483871,47.7096774193548,4602.29032258064,38021.7096774194,64.0035483870968,-1685.12806986979,1999-01-01,44374.1935483871,4330.96774193548,50709.2903225806,585.838709677419,2348.58064516129,47241.2903225806,62.3503225806452,63.5145629441854,49.0380950810417
1999,2,39,1.06320121769722,1.75398493541527,"1999-02-05",0.0922123938798904,8.49801731109619,"FMWT",1999-02-05,1998-11-24,1999-02-19,"Yes",1999,67146.4285714286,11696.4285714286,100874.821428571,14267.8928571429,5357.28571428571,98804.3571428571,56.0571428571429,1110.32392857143,1999-02-01,34503.2258064516,4730.32258064516,41662.935483871,47.7096774193548,4602.29032258064,38021.7096774194,64.0035483870968,45.853846100202,36.3068180941045
1999,3,81,0.438141402960927,1.00589842640065,"1999-03-15",0.0390181131660938,4.67490243911743,"FMWT",1999-03-15,1998-11-24,1999-02-19,"Yes",1999,56838.7096774194,8331.61290322581,76706.6774193548,8191.06451612903,7198.58064516129,69107.1290322581,52.4196774193548,-2124.51536485405,1999-03-01,67146.4285714286,11696.4285714286,100874.821428571,14267.8928571429,5357.28571428571,98804.3571428571,56.0571428571429,58.3450292104866,40.4739884227687
1999,4,9,0.131456471151776,0.0532430513757282,"1999-04-29",0.0859730988740921,0.245339646935463,"20mm",1999-04-29,1998-11-24,1999-02-19,"Yes",1999,30676.6666666667,6437,41296.4,1741.06666666667,4918.53333333333,35493.8,58.732,-1633.36321809567,1999-04-01,56838.7096774194,8331.61290322581,76706.6774193548,8191.06451612903,7198.58064516129,69107.1290322581,52.4196774193548,48.6816324477293,36.3578679246951
1999,11,23,2.64092553180197,1.91188282114413,"1998-11-04",0.125447064638138,5.26508140563965,"FMWT",1998-11-04,1998-11-24,1999-02-19,"No",1998,20920,3289.66666666667,24896.7333333333,206.3,4620.5,20569.7666666667,73.2596666666667,-2411.81666666667,1998-11-01,15758.064516129,6153.22580645161,22681.1290322581,202.387096774194,9349.35483870968,12297.3870967742,71.6025806451613,63.0403226296748,34.6760563598552
1999,12,99,0.819800854858124,1.20358201142239,"1998-12-16",0.0495661608874798,8.02997303009033,"FMWT",1998-12-16,1998-11-24,1999-02-19,"Yes",1998,44374.1935483871,4330.96774193548,50709.2903225806,585.838709677419,2348.58064516129,47241.2903225806,62.3503225806452,-112.66667139018,1998-12-01,20920,3289.66666666667,24896.7333333333,206.3,4620.5,20569.7666666667,73.2596666666667,55.0816323051647,40.3224850164715
2000,1,119,3.59284561885004,3.01683959039437,"2000-01-12",0.076384574174881,10.2700710296631,"FMWT",2000-01-12,2000-01-22,2000-03-06,"No",2000,24338.7096774194,2136.12903225806,28447.1612903226,458.548387096774,9885.64516129032,21545.5806451613,78.4161290322581,-7390.64516129032,2000-01-01,16548.3870967742,1688.38709677419,18642.6451612903,33.6129032258064,6427.32258064516,10467.2903225806,79.0738709677419,58.6799998912811,43.3429602139263
2000,2,175,0.624264483430556,0.332391005222131,"2000-02-08",0.0481287650763988,0.939377427101135,"FMWT",2000-02-08,2000-01-22,2000-03-06,"Yes",2000,62372.4137931034,7558.62068965517,100024.206896552,23577.9310344828,11677,94092.275862069,62.1148275862069,-6536.62068965517,2000-02-01,24338.7096774194,2136.12903225806,28447.1612903226,458.548387096774,9885.64516129032,21545.5806451613,78.4161290322581,35.8130081499495,34.8469945866553
2000,3,186,0.241882669288785,0.256912233785057,"2000-03-07",0.0581867210566998,2.9049026966095,"FMWT",2000-03-07,2000-01-22,2000-03-06,"Yes",2000,58561.2903225806,12097.7419354839,97021.6129032258,22249.3870967742,9118.58064516129,87838.3548387097,51.6358064516129,-2140.25161290323,2000-03-01,62372.4137931034,7558.62068965517,100024.206896552,23577.9310344828,11677,94092.275862069,62.1148275862069,44.9419353492798,34.1153846844139
2000,4,35,1.09705228805542,0.907208063203183,"2000-04-04",0.105673156678677,2.05581164360046,"Bay Study",2000-04-04,2000-01-22,2000-03-06,"Yes",2000,26640,5012.66666666667,33442.6,552.233333333333,5513.5,27294.3,61.5383333333333,-4253.6,2000-04-01,58561.2903225806,12097.7419354839,97021.6129032258,22249.3870967742,9118.58064516129,87838.3548387097,51.6358064516129,55.8387095072577,32.0866807977695
2000,11,163,3.50331093846289,3.55180534506699,"1999-11-04",0.0653685927391052,10.0694246292114,"FMWT",1999-11-04,2000-01-22,2000-03-06,"No",1999,13843.3333333333,2158,16457.6333333333,54,9519.16666666667,6804.16666666667,83.7253333333333,-7051.10820744899,1999-11-01,12380.6451612903,2531.93548387097,15417.6451612903,204.096774193548,9412.64516129032,4280.09677419355,86.2406451612903,60.2736843322453,46.9197080309374
2000,12,153,1.5728347489939,2.45811102863346,"1999-12-02",0.0696782618761063,9.29925060272217,"FMWT",1999-12-02,2000-01-22,2000-03-06,"No",1999,16548.3870967742,1688.38709677419,18642.6451612903,33.6129032258064,6427.32258064516,10467.2903225806,79.0738709677419,-5155.12787508394,1999-12-01,13843.3333333333,2158,16457.6333333333,54,9519.16666666667,6804.16666666667,83.7253333333333,76.5079363187154,39.2852112082109
2001,1,63,7.43250078081139,3.97746265698679,"2001-01-09",0.236434236168861,13.1299495697021,"FMWT",2001-01-09,2001-01-29,2001-03-04,"No",2001,17190.3225806452,2441.61290322581,20362.9677419355,241,6718.96774193548,15211.4516129032,79.6516129032258,-4592.4390290965,2001-01-01,13670.9677419355,2238.06451612903,16342.7741935484,43.2258064516129,8768.29032258065,5996.61290322581,83.8558064516129,100.333333333333,43.9622639885489
2001,2,78,2.17127359677584,2.40423866642832,"2001-02-06",0.0735099911689758,9.6864652633667,"FMWT",2001-02-06,2001-01-29,2001-03-04,"Yes",2001,20867.8571428571,3092.14285714286,25724.7142857143,870.642857142857,8371,19567.9285714286,74.4153571428571,-6080.71428571429,2001-02-01,17190.3225806452,2441.61290322581,20362.9677419355,241,6718.96774193548,15211.4516129032,79.6516129032258,60.3521126643033,35.1201716896802
2001,3,52,0.858819311484694,1.21435041989498,"2001-03-13",0.0768637508153915,4.19117641448975,"FMWT",2001-03-13,2001-01-29,2001-03-04,"Yes",2001,24696.7741935484,3430.32258064516,31025.5161290323,1920.29032258065,7945.22580645161,23427.3870967742,67.7674193548387,-5374.25418179398,2001-03-01,20867.8571428571,3092.14285714286,25724.7142857143,870.642857142857,8371,19567.9285714286,74.4153571428571,44.4043715091351,24.0497513070925
2001,4,13,1.22609487233254,1.76642030502071,"2001-04-11",0.0960550606250763,5.06010437011719,"Bay Study",2001-04-11,2001-01-29,2001-03-04,"Yes",2001,12306,3008,16411.7,281.766666666667,4283.4,12219.0666666667,73.7946666666667,-2975.95416449721,2001-04-01,24696.7741935484,3430.32258064516,31025.5161290323,1920.29032258065,7945.22580645161,23427.3870967742,67.7674193548387,52.7805155017656,25.5681819735151
2001,11,86,3.52024927466761,3.41204500788665,"2000-11-13",0.0754262953996658,11.0757875442505,"FMWT",2000-11-13,2001-01-29,2001-03-04,"No",2000,12283.3333333333,2525.66666666667,15253.0666666667,43.3,9451.1,4742.9,85.037,-8135,2000-11-01,11683.8709677419,2826.12903225806,15034.8064516129,133,9397.70967741935,5736.58064516129,86.901935483871,101.757575757576,42.3706292780963
2001,12,166,2.98919377193214,3.61558045509127,"2000-12-07",0.0840544626116753,12.7300338745117,"FMWT",2000-12-07,2001-01-29,2001-03-04,"No",2000,13670.9677419355,2238.06451612903,16342.7741935484,43.2258064516129,8768.29032258065,5996.61290322581,83.8558064516129,-6686.14221633397,2000-12-01,12283.3333333333,2525.66666666667,15253.0666666667,43.3,9451.1,4742.9,85.037,99.5151515151515,47.8943662483927
2002,1,263,0.351643219646845,0.321660424514061,"2002-01-08",0.0835748836398125,2.85728120803833,"SKT",2002-01-08,2001-12-04,2002-01-06,"Yes",2002,38270.9677419355,2661.61290322581,48946.1612903226,6523.03225806452,10839.2903225806,38731.4193548387,64.1893548387097,-8331.22714331404,2002-01-01,27377.4193548387,2063.54838709677,32056.8709677419,1858.48387096774,9876.35483870968,24737.2580645161,73.6022580645161,40.2876711896021,26.4307691981242
2002,2,399,1.90705775613325,1.15394005902537,"2002-02-05",0.102785930037498,12.6522941589355,"SKT",2002-02-05,2001-12-04,2002-01-06,"Yes",2002,18175,1897.5,20926.1071428571,52.3214285714286,8769.28571428571,12029.6785714286,72.3617857142857,-7325.04966710205,2002-02-01,38270.9677419355,2661.61290322581,48946.1612903226,6523.03225806452,10839.2903225806,38731.4193548387,64.1893548387097,62.2307694737728,36.6982248023417
2002,3,246,1.47845046694686,1.64081637145463,"2002-03-05",0.0591443218290806,12.4891357421875,"SKT",2002-03-05,2001-12-04,2002-01-06,"Yes",2002,21322.5806451613,2133.54838709677,24638.8709677419,59.6774193548387,8280.54838709677,16982.1290322581,71.6641935483871,-6642.44244482996,2002-03-01,18175,1897.5,20926.1071428571,52.3214285714286,8769.28571428571,12029.6785714286,72.3617857142857,58.0671639611472,32.7368421096551
2002,4,11,0.584631934762001,0.996771040335434,"2002-04-11",0.0859730988740921,2.59958243370056,"20mm",2002-04-11,2001-12-04,2002-01-06,"Yes",2002,14476.6666666667,2598.33333333333,18256.1,296.266666666667,4561.1,11943.2333333333,73.4453333333333,-7905.79190844538,2002-04-01,21322.5806451613,2133.54838709677,24638.8709677419,59.6774193548387,8280.54838709677,16982.1290322581,71.6641935483871,53.2219570710153,29.4788733065968
2002,11,28,3.8942088319787,4.0313047353982,"2001-11-10",0.114344574511051,14.6147480010986,"FMWT",2001-11-10,2001-12-04,2002-01-06,"No",2001,12303,2096,14754.2333333333,38.1666666666667,7141.5,8213,84.633,-6364.43794211307,2001-11-01,8370.32258064516,2002.58064516129,10742.2903225806,168.709677419355,4764.51612903226,4275.58064516129,88.0764516129032,94.5531914893617,54.2307691397752
2002,12,35,0.225029078125954,0.382409206189418,"2001-12-11",0.100381106138229,2.2895712852478,"FMWT",2001-12-11,2001-12-04,2002-01-06,"Yes",2001,27377.4193548387,2063.54838709677,32056.8709677419,1858.48387096774,9876.35483870968,24737.2580645161,73.6022580645161,-8294.30720824609,2001-12-01,12303,2096,14754.2333333333,38.1666666666667,7141.5,8213,84.633,63.9130434782609,30.9306359759645
2003,1,15,0.395910406112671,0.314425190944492,"2003-01-08",0.162321746349335,1.02466893196106,"Bay Study",2003-01-08,2002-12-17,2003-01-29,"Yes",2003,51935.4838709677,1912.90322580645,62029.0967741935,7608.41935483871,10255.2580645161,51440.935483871,62.5335483870968,-7846.23781125271,2003-01-01,29130,1988.38709677419,34398.6774193548,2667.83870967742,7580.48387096774,28885.8064516129,79.6032258064516,44.5641024983846,24.8683128575239
2003,2,226,0.504307874338289,0.588409125654604,"2003-02-20",0.0653685927391052,1.89156651496887,"SKT",2003-02-20,2002-12-17,2003-01-29,"Yes",2003,36085.7142857143,1878.92857142857,40335.0714285714,1863.21428571429,10945.3928571429,29622.8571428571,62.2960714285714,-9089.23924260353,2003-02-01,51935.4838709677,1912.90322580645,62029.0967741935,7608.41935483871,10255.2580645161,51440.935483871,62.5335483870968,60.1913045199021,40.2341771035255
2003,3,639,0.317516209059198,0.415056562976304,"2003-03-18",0.0610594749450684,1.98131036758423,"SKT",2003-03-18,2002-12-17,2003-01-29,"Yes",2003,22922.5806451613,2193.22580645161,26640.1935483871,936.838709677419,10855.9677419355,15779.6129032258,68.5129032258065,-8596.56694640358,2003-03-01,36085.7142857143,1878.92857142857,40335.0714285714,1863.21428571429,10945.3928571429,29622.8571428571,62.2960714285714,56.9463082759972,34.2690353938166
2003,4,499,0.401961208270762,0.315566076162193,"2003-04-28",0.0744681060314178,6.57241630554199,"SKT",2003-04-28,2002-12-17,2003-01-29,"Yes",2003,21586.6666666667,2667.66666666667,26890.5,1335.33333333333,4784.46666666667,22053.8666666667,71.004,-4304.23205742223,2003-04-01,22922.5806451613,2193.22580645161,26640.1935483871,936.838709677419,10855.9677419355,15779.6129032258,68.5129032258065,51.5145115780013,38.634782392564
2003,11,50,2.7305141466856,3.3682476752093,"2002-11-06",0.101823873817921,9.2169246673584,"FMWT",2002-11-06,2002-12-17,2003-01-29,"No",2002,11746.3333333333,1714.66666666667,13829.1,43.2,6943.23333333333,7333.1,84.4346666666667,-5101.17945124681,2002-11-01,9891.29032258065,1704.83870967742,12030.2903225806,193.193548387097,5980.74193548387,4203.25806451613,86.5829032258064,107.434782608696,55.1235520922539
2003,12,67,6.96031048671523,4.04675529063347,"2002-12-04",0.108561977744102,12.9301595687866,"FMWT",2002-12-04,2002-12-17,2003-01-29,"No",2002,29130,1988.38709677419,34398.6774193548,2667.83870967742,7580.48387096774,28885.8064516129,79.6032258064516,-4570.19882560829,2002-12-01,11746.3333333333,1714.66666666667,13829.1,43.2,6943.23333333333,7333.1,84.4346666666667,79.9339622945156,38.8999999935588
2004,1,1007,1.10850127587371,0.558713326505061,"2004-01-27",0.0601019039750099,7.16390180587769,"SKT",2004-01-27,2003-12-14,2004-02-21,"Yes",2004,36767.7419354839,1791.93548387097,42819.1290322581,3527.51612903226,11420.1935483871,32138.1935483871,65.1393548387097,-9245.33343545896,2004-01-01,27787.0967741935,1502.58064516129,31155.2258064516,1321.8064516129,8533.54838709677,23855.6451612903,76.3441935483871,49.3266665085157,30.8600000494719
2004,2,521,0.790073620666698,0.727583823635518,"2004-02-17",0.0859730988740921,4.12622451782227,"SKT",2004-02-17,2003-12-14,2004-02-21,"Yes",2004,44420.6896551724,2201.37931034483,75737.2413793103,27842.9310344828,10577.1034482759,68091.275862069,65.5927586206897,-8135.01256580519,2004-02-01,36767.7419354839,1791.93548387097,42819.1290322581,3527.51612903226,11420.1935483871,32138.1935483871,65.1393548387097,52.0650407550781,34.5751635373807
2004,3,253,0.382153868557436,0.270330817784199,"2004-03-09",0.0644109845161438,1.08356523513794,"SKT",2004-03-09,2003-12-14,2004-02-21,"Yes",2004,46706.4516129032,3360.64516129032,68153.3225806452,16885.1290322581,11109.6451612903,56299.5483870968,56.6948387096774,-4570.19882560829,2004-03-01,44420.6896551724,2201.37931034483,75737.2413793103,27842.9310344828,10577.1034482759,68091.275862069,65.5927586206897,47.136904631697,30.9895289072191
2004,4,190,0.194115666731408,0.160101675018427,"2004-04-19",0.0648897886276245,1.77218592166901,"SKT",2004-04-19,2003-12-14,2004-02-21,"Yes",2004,23793.3333333333,2750.66666666667,27799.8666666667,408.933333333333,4459.03333333333,22006.5,64.6463333333333,-7905.79190844538,2004-04-01,46706.4516129032,3360.64516129032,68153.3225806452,16885.1290322581,11109.6451612903,56299.5483870968,56.6948387096774,53.1205126484235,38.4936708053456
2004,11,37,1.13108998013509,2.17490671842258,"2003-11-04",0.0773429498076439,10.5743198394775,"Bay Study",2003-11-04,2003-12-14,2004-02-21,"No",2003,12450,1647,14485.4333333333,42.7666666666667,8260.16666666667,6625.46666666667,84.31,-5101.17945124681,2003-11-01,11004.8387096774,1999.03225806452,13465.6774193548,175.354838709677,7312.45161290323,4304.67741935484,88.1974193548387,71.7051281799108,61.4892473977099
2004,12,49,3.67244284980151,4.31355499367509,"2003-12-04",0.0902919769287109,11.2757186889648,"FMWT",2003-12-04,2003-12-14,2004-02-21,"No",2003,27787.0967741935,1502.58064516129,31155.2258064516,1321.8064516129,8533.54838709677,23855.6451612903,76.3441935483871,-4570.19882560829,2003-12-01,12450,1647,14485.4333333333,42.7666666666667,8260.16666666667,6625.46666666667,84.31,73.7195119886864,50.908045859515
2005,1,230,0.94383289049501,0.938961115468486,"2005-01-27",0.119651257991791,4.85103845596313,"SKT",2005-01-27,2004-12-12,2005-02-13,"Yes",2005,33680.6451612903,4918.06451612903,43588.064516129,3520.61290322581,12152.6451612903,33624,69.5316129032258,-7846.23781125271,2005-01-01,17745.1612903226,1578.06451612903,20136.6451612903,271.032258064516,8144.16129032258,12451.1935483871,81.0432258064516,29.5633803215665,29.4285715436383
2005,2,402,0.893072993119261,0.840758118116778,"2005-02-24",0.129798576235771,6.95389986038208,"SKT",2005-02-24,2004-12-12,2005-02-13,"Yes",2005,24875,5303.21428571429,32783.4642857143,1140.53571428571,9033.14285714286,24932.9285714286,67.5128571428571,-4798.00561712256,2005-02-01,33680.6451612903,4918.06451612903,43588.064516129,3520.61290322581,12152.6451612903,33624,69.5316129032258,43.7218043571128,41.4244186691074
2005,3,190,0.394895086162969,0.352705940631337,"2005-03-07",0.0744681060314178,1.2327538728714,"SKT",2005-03-07,2004-12-12,2005-02-13,"Yes",2005,30367.7419354839,8064.83870967742,44084.9677419355,1999.54838709677,7052.1935483871,38557.9677419355,64.3935483870968,-1837.58677193995,2005-03-01,24875,5303.21428571429,32783.4642857143,1140.53571428571,9033.14285714286,24932.9285714286,67.5128571428571,54.0745340800433,46.2994923724741
2005,4,206,0.415221929333164,0.602176797960064,"2005-04-04",0.0816568657755852,8.73074436187744,"SKT",2005-04-04,2004-12-12,2005-02-13,"Yes",2005,22133.3333333333,10060.6666666667,36306.7666666667,1096.73333333333,6137.23333333333,29903.0333333333,62.2496666666667,-150.910801667551,2005-04-01,30367.7419354839,8064.83870967742,44084.9677419355,1999.54838709677,7052.1935483871,38557.9677419355,64.3935483870968,53.3447363872277,44.6161288742096
2005,11,35,1.39336319629635,1.85974031110746,"2004-11-08",0.098458006978035,8.56085872650146,"FMWT",2004-11-08,2004-12-12,2005-02-13,"No",2004,12250,1631.66666666667,14250.8666666667,25.2333333333333,8278.46666666667,6708.16666666667,80.6286666666667,-6707.79333824504,2004-11-01,12606.4516129032,1752.90322580645,14696.1935483871,115.967741935484,7337.58064516129,8517.38709677419,84.0406451612903,70.5494503260969,58.6822917299966
2005,12,32,3.50019470276311,3.38651973234174,"2004-12-02",0.106635913252831,9.54028987884521,"Bay Study",2004-12-02,2004-12-12,2005-02-13,"No",2004,17745.1612903226,1578.06451612903,20136.6451612903,271.032258064516,8144.16129032258,12451.1935483871,81.0432258064516,-4570.19882560829,2004-12-01,12250,1631.66666666667,14250.8666666667,25.2333333333333,8278.46666666667,6708.16666666667,80.6286666666667,64.6824322955028,59.666666625124
2006,1,217,0.219721937663682,0.201119748268021,"2006-01-31",0.0624958239495754,1.52907383441925,"SKT",2006-01-31,2005-12-05,2006-02-19,"Yes",2006,66151.6129032258,13171.2903225806,150834.032258065,65711.0967741935,7249.67741935484,145921.064516129,54.6561290322581,-7846.23781125271,2006-01-01,35458.064516129,3521.29032258065,51544,10546.6774193548,10886.9032258065,42829,78.7848387096774,51.7794115525835,27.4291338844327
2006,2,209,1.07774284401793,1.86336740087584,"2006-02-27",0.0414170548319817,6.86143112182617,"SKT",2006-02-27,2005-12-05,2006-02-19,"Yes",2006,48921.4285714286,6457.5,61520.75,3661.75,9421.78571428571,52129.1071428571,55.0807142857143,-4991.97443053769,2006-02-01,66151.6129032258,13171.2903225806,150834.032258065,65711.0967741935,7249.67741935484,145921.064516129,54.6561290322581,68.1249998842969,42.8294117373579
2006,3,73,0.152672510951349,0.082832381660866,"2006-03-16",0.0639321878552437,0.325595438480377,"SKT",2006-03-16,2005-12-05,2006-02-19,"Yes",2006,67412.9032258065,11704.8387096774,118329.161290323,35271.4193548387,6085,115393.322580645,52.7070967741935,551.392580645161,2006-03-01,48921.4285714286,6457.5,61520.75,3661.75,9421.78571428571,52129.1071428571,55.0807142857143,58.5403725871388,38.6570047468379
2006,4,79,0.320034495165831,0.0881413701965784,"2006-04-12",0.0510033220052719,0.353745341300964,"SKT",2006-04-12,2005-12-05,2006-02-19,"Yes",2006,77646.6666666667,27936.6666666667,181548.6,63938.1333333333,3554.83333333333,179437.633333333,45.9526666666667,12837,2006-04-01,67412.9032258065,11704.8387096774,118329.161290323,35271.4193548387,6085,115393.322580645,52.7070967741935,55.0454547572317,37.3195874506665
2006,11,8,4.90262708254158,3.62383736299507,"2005-11-02",0.140937581658363,9.41018199920654,"Bay Study",2005-11-02,2005-12-05,2006-02-19,"No",2005,13386.6666666667,2038.33333333333,16228.8333333333,63.2,9727.93333333333,5008.66666666667,86.392,-8316.33333333333,2005-11-01,14074.1935483871,2618.70967741935,17240.6129032258,163.064516129032,10925.2258064516,4467.1935483871,83.5470967741935,67.0052081501732,71.0298507966805
2006,12,37,2.95409552189144,3.14000760453628,"2005-12-05",0.135606899857521,9.28151226043701,"Bay Study",2005-12-05,2005-12-05,2006-02-19,"Yes",2005,35458.064516129,3521.29032258065,51544,10546.6774193548,10886.9032258065,42829,78.7848387096774,-8057.41935483871,2005-12-01,13386.6666666667,2038.33333333333,16228.8333333333,63.2,9727.93333333333,5008.66666666667,86.392,62.8531466430717,55.7021277295058
2007,1,270,2.4487108130146,2.90273243945197,"2007-01-22",0.0931728333234787,6.76907300949097,"SKT",2007-01-22,2006-12-31,2007-02-27,"Yes",2007,13822.5806451613,2587.09677419355,17030.6129032258,67.5161290322581,7891.96774193548,8242.70967741935,79.0074193548387,-5045.93548387097,2007-01-01,16951.6129032258,2354.1935483871,19973.7096774194,97.3225806451613,10833.2258064516,9019.35483870968,83.081935483871,85.7810220962023,47.8999998383224
2007,2,175,0.341870280929974,0.653907433792361,"2007-02-07",0.0965355709195137,4.42448663711548,"SKT",2007-02-07,2006-12-31,2007-02-27,"Yes",2007,22700,2533.57142857143,26707.3214285714,437.821428571429,6979.42857142857,21234.4285714286,75.175,-4075.96428571429,2007-02-01,13822.5806451613,2587.09677419355,17030.6129032258,67.5161290322581,7891.96774193548,8242.70967741935,79.0074193548387,75.0555557095342,54.109433933474
2007,3,159,0.43224208698895,0.630677454887891,"2007-03-20",0.0787806883454323,4.03189659118652,"SKT",2007-03-20,2006-12-31,2007-02-27,"Yes",2007,18322.5806451613,2554.83870967742,21945.8387096774,161.709677419355,7282.03225806452,14003.9677419355,71.4016129032258,-4585.96774193548,2007-03-01,22700,2533.57142857143,26707.3214285714,437.821428571429,6979.42857142857,21234.4285714286,75.175,68.2832368460694,47.8999999704686
2007,4,103,0.411658768080971,0.482690622476265,"2007-04-05",0.127380564808846,2.76565003395081,"SKT",2007-04-05,2006-12-31,2007-02-27,"Yes",2007,13631,2225.33333333333,16965.9666666667,453.566666666667,4878.5,11306.2333333333,75.173,-3618.43333333333,2007-04-01,18322.5806451613,2554.83870967742,21945.8387096774,161.709677419355,7282.03225806452,14003.9677419355,71.4016129032258,60.1428567709717,37.010416670392
2007,11,4,5.63109913468361,3.17379512832286,"2006-11-14",1.61644423007965,9.38164520263672,"FMWT",2006-11-14,2006-12-31,2007-02-27,"No",2006,12146.6666666667,2538,15370.8333333333,57.8,9631.8,5230.6,86.091,-7113.66666666667,2006-11-01,11721.6129032258,3850.64516129032,16134.2903225806,149.096774193548,10595.1935483871,3987.54838709677,83.6422580645161,78.1270715775411,71.3197971854718
2007,12,2,8.14511013031006,0.165479991196565,"2006-12-13",8.02809810638428,8.26212215423584,"FMWT",2006-12-13,2006-12-31,2007-02-27,"No",2006,16951.6129032258,2354.1935483871,19973.7096774194,97.3225806451613,10833.2258064516,9019.35483870968,83.081935483871,-8007.41935483871,2006-12-01,12146.6666666667,2538,15370.8333333333,57.8,9631.8,5230.6,86.091,82.5886527156154,79.6174698691052
2008,1,134,0.283041429942224,0.587917048217856,"2008-01-08",0.0653685927391052,4.30355787277222,"SKT",2008-01-08,2008-01-07,2008-02-05,"Yes",2008,22480.6451612903,2319.35483870968,26831.1935483871,1451,6132.45161290323,24560.064516129,74.8977419354839,-3702.27419354839,2008-01-01,12121.2903225806,1502.58064516129,14015.6129032258,90.9032258064516,6728.22580645161,7185.58064516129,85.7477419354839,35.6587300804399,32.4107744759984
2008,2,37,0.14679559078571,0.0577006903791593,"2008-02-04",0.0802186504006386,0.419004946947098,"SKT",2008-02-04,2008-01-07,2008-02-05,"Yes",2008,26306.8965517241,2369.31034482759,30604.275862069,1269.27586206897,7035.27586206897,24128.1724137931,68.3144827586207,-4226.20689655172,2008-02-01,22480.6451612903,2319.35483870968,26831.1935483871,1451,6132.45161290323,24560.064516129,74.8977419354839,35.9428570270538,18.5568182021379
2008,3,67,0.381463992729116,0.443665035716215,"2008-03-10",0.127864077687263,1.94448566436768,"SKT",2008-03-10,2008-01-07,2008-02-05,"Yes",2008,13703.2258064516,2115.48387096774,17015.0322580645,596.516129032258,3591.83870967742,12220.1935483871,71.2751612903226,-1937.03548387097,2008-03-01,26306.8965517241,2369.31034482759,30604.275862069,1269.27586206897,7035.27586206897,24128.1724137931,68.3144827586207,55.0057800236465,27.636363575314
2008,4,49,0.249212362328354,0.364884712136914,"2008-04-22",0.130282327532768,2.735347032547,"SKT",2008-04-22,2008-01-07,2008-02-05,"Yes",2008,10192.3333333333,2408.66666666667,13760.7333333333,499.8,2430.93333333333,9540,76.517,-1151.13033333333,2008-04-01,13703.2258064516,2115.48387096774,17015.0322580645,596.516129032258,3591.83870967742,12220.1935483871,71.2751612903226,65.2509650420038,33.2949999964237
2008,11,8,3.7681135982275,4.79495405381065,"2007-11-15",0.681238353252411,12.1810369491577,"Bay Study",2007-11-15,2008-01-07,2008-02-05,"No",2007,10005,1710.66666666667,12009.2666666667,56.5,6639.03333333333,4290.9,87.8693333333333,-5033.4,2007-11-01,10541.935483871,1569.67741935484,12510.1612903226,123.903225806452,7600.32258064516,3683,88.4532258064516,88.4044942534372,58.9480518613543
2008,12,28,2.55886131099292,2.66597030952304,"2007-12-12",0.428154289722443,8.44777488708496,"Bay Study",2007-12-12,2008-01-07,2008-02-05,"No",2007,12121.2903225806,1502.58064516129,14015.6129032258,90.9032258064516,6728.22580645161,7185.58064516129,85.7477419354839,-5078.7064516129,2007-12-01,10005,1710.66666666667,12009.2666666667,56.5,6639.03333333333,4290.9,87.8693333333333,89.078431559544,53.6995073230983
2009,1,584,1.44154875654064,2.72814825645019,"2009-01-14",0.219159737229347,9.39432716369629,"SKT",2009-01-14,2009-02-19,2009-03-01,"No",2009,9142.58064516129,1104.96774193548,10669.4838709677,64.7741935483871,4592.32258064516,6306.09677419355,83.5541935483871,-3389.25806451613,2009-01-01,8873.22580645161,1128.06451612903,10335.2580645161,85.7096774193548,2841.87096774194,7113.41935483871,85.2135483870968,90.8292683857243,60.6000001109376
2009,2,61,2.99615383856609,2.07898880924807,"2009-02-13",0.248311296105385,6.04040336608887,"SKT",2009-02-13,2009-02-19,2009-03-01,"No",2009,20469.2857142857,1427.5,23574,919.857142857143,4026.17857142857,22752.6428571429,76.8767857142857,-2531.83535714286,2009-02-01,9142.58064516129,1104.96774193548,10669.4838709677,64.7741935483871,4592.32258064516,6306.09677419355,83.5541935483871,83.4491017185999,52.129707104242
2009,3,70,0.111293330895049,0.271048111501456,"2009-03-18",0.0221936237066984,1.53730225563049,"SKT",2009-03-18,2009-02-19,2009-03-01,"Yes",2009,22619.3548387097,1422.25806451613,26181.1290322581,868.064516129032,5885.54838709677,19926.8709677419,69.0841935483871,-4313.58064516129,2009-03-01,20469.2857142857,1427.5,23574,919.857142857143,4026.17857142857,22752.6428571429,76.8767857142857,61.7127657995579,31.8909775247251
2009,4,31,0.210215027774534,0.0402087266184753,"2009-04-15",0.1336699873209,0.238906517624855,"SKT",2009-04-15,2009-02-19,2009-03-01,"Yes",2009,13603.3333333333,1516,16308.3666666667,402.366666666667,2826.33333333333,12039.7666666667,74.4533333333333,-2030.99,2009-04-01,22619.3548387097,1422.25806451613,26181.1290322581,868.064516129032,5885.54838709677,19926.8709677419,69.0841935483871,61.5355803497722,35.1868132520945
2009,11,12,2.04096527397633,3.29937873041027,"2008-11-07",0.201941817998886,9.01457500457764,"FMWT",2008-11-07,2009-02-19,2009-03-01,"No",2008,9739.66666666667,1140,11225.3666666667,61.3333333333333,5183.56666666667,5817.73333333333,87.2073333333333,-4062.53333333333,2008-11-01,7767.41935483871,1234.70967741935,9337.45161290323,179.451612903226,4585.16129032258,3186.09677419355,89.6870967741935,109.547058945544,65.9999998793715
2009,12,4,3.2079783976078,1.1463777586959,"2008-12-16",1.61424219608307,4.34798526763916,"FMWT",2008-12-16,2009-02-19,2009-03-01,"No",2008,8873.22580645161,1128.06451612903,10335.2580645161,85.7096774193548,2841.87096774194,7113.41935483871,85.2135483870968,-1725.14886715275,2008-12-01,9739.66666666667,1140,11225.3666666667,61.3333333333333,5183.56666666667,5817.73333333333,87.2073333333333,111.053030205495,62.5404040054841
2010,1,316,0.87211498563897,1.90538612677402,"2010-01-27",0.0816568657755852,11.5018720626831,"SKT",2010-01-27,2010-01-21,2010-02-10,"Yes",2010,26808.7096774194,1955.16129032258,31649.6451612903,2229.32258064516,5727.22580645161,26955,78.7348387096774,-3570.46451612903,2010-01-01,10611.935483871,1318.70967741935,12432.8387096774,107.387096774194,5638.48387096774,6370.77419354839,84.3287096774194,82.8716218241969,46.1813186873774
2010,2,57,1.0095830838147,0.599319791443648,"2010-02-11",0.101823873817921,1.42892909049988,"SKT",2010-02-11,2010-01-21,2010-02-10,"Yes",2010,28992.8571428571,2425.71428571429,35295.2142857143,3098.10714285714,6983.39285714286,29982.1428571429,65.8410714285714,-4315.71428571429,2010-02-01,26808.7096774194,1955.16129032258,31649.6451612903,2229.32258064516,5727.22580645161,26955,78.7348387096774,50.3293412381303,27.1336634234332
2010,3,84,0.236720327110518,0.138805923390515,"2010-03-10",0.10952527821064,1.03429234027863,"SKT",2010-03-10,2010-01-21,2010-02-10,"Yes",2010,19745.1612903226,2934.1935483871,24223.4193548387,616.41935483871,7180.48387096774,17121.4838709677,67.7325806451613,-4216.09677419355,2010-03-01,28992.8571428571,2425.71428571429,35295.2142857143,3098.10714285714,6983.39285714286,29982.1428571429,65.8410714285714,59.4068626223826,36.0080970841863
2010,4,189,0.265334784353852,0.0661138939202657,"2010-04-22",0.113380342721939,0.965981841087341,"SKT",2010-04-22,2010-01-21,2010-02-10,"Yes",2010,18833.3333333333,4277,25396.5,911.233333333333,1558.46666666667,24604.4666666667,69.941,1382.68066666667,2010-04-01,19745.1612903226,2934.1935483871,24223.4193548387,616.41935483871,7180.48387096774,17121.4838709677,67.7325806451613,71.7392995742508,42.8834080669377
2010,11,4,2.75399935245514,2.15902100294915,"2009-11-10",1.45569944381714,5.95516347885132,"FMWT",2009-11-10,2010-01-21,2010-02-10,"No",2009,9007.66666666667,1393.66666666667,10840.4,71.9,4597.1,4654.4,86.2153333333333,-2635.06666666667,2009-11-01,9780.96774193548,1844.51612903226,12371.1612903226,134.967741935484,6222.64516129032,6365.03225806452,85.6767741935484,112.120218673039,60.8080807641299
2010,12,11,7.53314124454151,2.15902677920198,"2009-12-07",2.39126563072205,11.2047348022461,"FMWT",2009-12-07,2010-01-21,2010-02-10,"No",2009,10611.935483871,1318.70967741935,12432.8387096774,107.387096774194,5638.48387096774,6370.77419354839,84.3287096774194,-3923.48387096774,2009-12-01,9007.66666666667,1393.66666666667,10840.4,71.9,4597.1,4654.4,86.2153333333333,97.7564100730113,59.287804892005
2011,1,180,0.28410137804846,0.253616836842482,"2011-01-12",0.0720729678869247,1.9584287405014,"SKT",2011-01-12,2010-12-09,2011-03-03,"Yes",2011,34964.5161290323,11793.5483870968,50590.3225806452,1214.77419354839,10768.5806451613,39475.7741935484,60.4809677419355,-4481.96774193548,2011-01-01,45700,6942.25806451613,57520.5161290323,1330.61290322581,11030.7096774194,48138.064516129,71.9216129032258,54.1273884765661,47.8105261771302
2011,2,130,0.782505169625466,0.48906333280368,"2011-02-10",0.101823873817921,1.45897960662842,"SKT",2011-02-10,2010-12-09,2011-03-03,"Yes",2011,24575,8698.92857142857,35694.25,806.071428571429,9008,28251,65.5821428571429,-4082.21428571429,2011-02-01,34964.5161290323,11793.5483870968,50590.3225806452,1214.77419354839,10768.5806451613,39475.7741935484,60.4809677419355,61.6746987319854,50.7242989250433
2011,3,58,0.426910954366984,0.292429821740999,"2011-03-10",0.0572290979325771,0.819711625576019,"SKT",2011-03-10,2010-12-09,2011-03-03,"Yes",2011,57983.8709677419,13637.0967741935,108579.903225806,29023.064516129,6434.25806451613,104134.741935484,58.8467741935484,253.645161290323,2011-03-01,24575,8698.92857142857,35694.25,806.071428571429,9008,28251,65.5821428571429,56.9500000013245,44.3389829748263
2011,4,65,0.276257966229549,0.0916614858240163,"2011-04-06",0.0581867210566998,0.325093805789948,"SKT",2011-04-06,2010-12-09,2011-03-03,"Yes",2011,53733.3333333333,26383.3333333333,93121.3666666667,7530.06666666667,6231.1,85043.3333333333,50.79,7657,2011-04-01,57983.8709677419,13637.0967741935,108579.903225806,29023.064516129,6434.25806451613,104134.741935484,58.8467741935484,65.9648440121673,57.5806451926034
2011,11,2,2.08020633459091,1.11192565955344,"2010-11-01",1.29395616054535,2.86645650863647,"Bay Study",2010-11-01,2010-12-09,2011-03-03,"No",2010,13043.3333333333,1901.66666666667,15859.5,57.2,9249.1,7020.86666666667,84.0536666666667,-6633.64552327624,2010-11-01,12005.1612903226,2390.32258064516,15730.2903225806,179.129032258065,9410.83870967742,5473.25806451613,85.2561290322581,102.643243104703,79.4512819913717
2011,12,25,3.38878138244152,3.00268828471621,"2010-12-06",0.0715939924120903,9.26124477386475,"FMWT",2010-12-06,2010-12-09,2011-03-03,"No",2010,45700,6942.25806451613,57520.5161290323,1330.61290322581,11030.7096774194,48138.064516129,71.9216129032258,-4570.19882560829,2010-12-01,13043.3333333333,1901.66666666667,15859.5,57.2,9249.1,7020.86666666667,84.0536666666667,74.3881578319951,58.5721649109703
2012,1,325,3.18975358875898,3.36731464905414,"2012-01-19",0.103267028927803,9.69282627105713,"SKT",2012-01-19,2012-01-25,2012-04-02,"No",2012,15003.2258064516,1821.29032258065,17424.3225806452,158.806451612903,6125.09677419355,11417.3870967742,81.2361290322581,-4850.96774193548,2012-01-01,14480.6451612903,1816.45161290323,16802.2903225806,84.9677419354839,9452.45161290323,5372.70967741936,81.1893548387097,110.367231441756,61.2792207304533
2012,2,302,1.52023404269226,1.72344972863283,"2012-02-15",0.0816568657755852,15.6783142089844,"SKT",2012-02-15,2012-01-25,2012-04-02,"Yes",2012,13227.5862068966,1584.48275862069,15301.7931034483,97.1724137931034,3923.37931034483,10796.8620689655,75.7979310344828,-2799.68965517241,2012-02-01,15003.2258064516,1821.29032258065,17424.3225806452,158.806451612903,6125.09677419355,11417.3870967742,81.2361290322581,99.3372089488562,40.6275862241613
2012,3,347,0.524059346627433,1.06052111833533,"2012-03-08",0.0931728333234787,7.42780208587646,"SKT",2012-03-08,2012-01-25,2012-04-02,"Yes",2012,19610.6451612903,1615.48387096774,22490.1612903226,255.387096774194,3543.29032258065,20114.4193548387,74.4212903225806,-2415.8064516129,2012-03-01,13227.5862068966,1584.48275862069,15301.7931034483,97.1724137931034,3923.37931034483,10796.8620689655,75.7979310344828,85.3383084921101,36.6306816942312
2012,4,212,0.573534918843575,0.530646380263361,"2012-04-05",0.0596231147646904,1.8037828207016,"SKT",2012-04-05,2012-01-25,2012-04-02,"Yes",2012,25670,2499,29820.0666666667,218.5,2312.9,27781.9333333333,67.2523333333333,-1904.33333333333,2012-04-01,19610.6451612903,1615.48387096774,22490.1612903226,255.387096774194,3543.29032258065,20114.4193548387,74.4212903225806,59.9374999737038,38.1005917674691
2012,11,54,3.73736487384196,3.01242669792791,"2011-11-16",0.174027159810066,8.9514274597168,"FMWT",2011-11-16,2012-01-25,2012-04-02,"No",2011,12710,2755.33333333333,16371.8333333333,65.9,7222.3,8269.4,79.4883333333333,-5112.76666666667,2011-11-01,17654.8387096774,5027.09677419355,23968.935483871,125.032258064516,10812.1290322581,12077.2903225806,74.0151612903226,99.8716578330586,52.2346938094314
2012,12,218,1.63998112137165,2.67996694502538,"2011-12-12",0.0994194746017456,16.9107837677002,"FMWT",2011-12-12,2012-01-25,2012-04-02,"No",2011,14480.6451612903,1816.45161290323,16802.2903225806,84.9677419354839,9452.45161290323,5372.70967741936,81.1893548387097,-7651.61290322581,2011-12-01,12710,2755.33333333333,16371.8333333333,65.9,7222.3,8269.4,79.4883333333333,109.259493494336,55.790209816886
2013,1,108,0.543222417641017,0.536135819497805,"2013-01-09",0.0907720252871513,2.3573317527771,"SKT",2013-01-09,2012-12-02,2012-12-22,"Yes",2013,23719.3548387097,1838.70967741935,26837.4193548387,663.161290322581,4588.83870967742,22289.4516129032,65.0038709677419,-2571.47806451613,2013-01-01,45996.7741935484,1960.64516129032,53097.1290322581,3703.45161290323,7270.32258064516,48250.8709677419,70.7209677419355,63.6666668716562,35.2139737707559
2013,2,132,0.851781701781985,0.854859464480418,"2013-02-06",0.107117362320423,2.44506597518921,"SKT",2013-02-06,2012-12-02,2012-12-22,"Yes",2013,15878.5714285714,2230.35714285714,18659.9642857143,99.9285714285714,4563.10714285714,13428.8214285714,70.3421428571429,-2591.39392857143,2013-02-01,23719.3548387097,1838.70967741935,26837.4193548387,663.161290322581,4588.83870967742,22289.4516129032,65.0038709677419,95.7683612801934,40.4999998866343
2013,3,83,1.05558774485646,1.35842460719375,"2013-03-06",0.118203401565552,3.81444621086121,"SKT",2013-03-06,2012-12-02,2012-12-22,"Yes",2013,13435.4838709677,1509.67741935484,15867.3870967742,404.516129032258,5284.35483870968,9626.90322580645,75.3277419354839,-4001.54838709677,2013-03-01,15878.5714285714,2230.35714285714,18659.9642857143,99.9285714285714,4563.10714285714,13428.8214285714,70.3421428571429,100.178770711968,39.7649572967974
2013,4,28,0.234972498246602,0.146060662460631,"2013-04-04",0.113380342721939,0.645300924777985,"SKT",2013-04-04,2012-12-02,2012-12-22,"Yes",2013,12397.6666666667,2162,15587.7333333333,418.3,1893.33333333333,12865.7,74.721,-549.743333333333,2013-04-01,13435.4838709677,1509.67741935484,15867.3870967742,404.516129032258,5284.35483870968,9626.90322580645,75.3277419354839,67.2640845020052,34.8009049973337
2013,11,30,1.13364638239145,0.658279019900035,"2012-11-01",0.172074243426323,2.43259930610657,"Bay Study",2012-11-01,2012-12-02,2012-12-22,"No",2012,11910.3333333333,1294.66666666667,13586.7666666667,59.1,7153.86666666667,6291.7,85.3273333333333,-5550.7,2012-11-01,11451.6129032258,1789.29032258065,13731.4516129032,206.41935483871,7882.67741935484,4476.90322580645,86.1574193548387,118.40718556307,72.0735294374765
2013,12,20,1.46982475779951,1.27939056062303,"2012-12-06",0.0970161184668541,4.42211294174194,"FMWT",2012-12-06,2012-12-02,2012-12-22,"Yes",2012,45996.7741935484,1960.64516129032,53097.1290322581,3703.45161290323,7270.32258064516,48250.8709677419,70.7209677419355,-5041.73032258065,2012-12-01,11910.3333333333,1294.66666666667,13586.7666666667,59.1,7153.86666666667,6291.7,85.3273333333333,72.9802631807366,30.9875000173226
2014,1,151,4.95714942721144,2.45151536120794,"2014-01-16",0.109043605625629,13.0211725234985,"SKT",2014-01-16,2014-03-08,2014-03-08,"No",2014,6329.03225806452,789.096774193548,7540.48387096774,198.709677419355,1613.29032258065,4780.41935483871,85.3906451612903,-1401.64838709677,2014-01-01,8204.83870967742,935.387096774194,9463.06451612903,93.1290322580645,2802.96774193548,4951.1935483871,84.4312903225807,134.350282636739,62.3594469200082
2014,2,65,2.05676530943467,1.32851558011932,"2014-02-13",0.0960550606250763,4.82712411880493,"SKT",2014-02-13,2014-03-08,2014-03-08,"No",2014,10736.7857142857,821.892857142857,12226.1785714286,133.214285714286,2651.42857142857,11061.0357142857,80.6957142857143,-2077.98571428571,2014-02-01,6329.03225806452,789.096774193548,7540.48387096774,198.709677419355,1613.29032258065,4780.41935483871,85.3906451612903,102.347222439117,52.5645932329899
2014,3,91,0.290571745689754,0.158226828615495,"2014-03-12",0.0994194746017456,0.97237366437912,"SKT",2014-03-12,2014-03-08,2014-03-08,"Yes",2014,14774.8387096774,847.193548387097,16261.9032258065,133.387096774194,4383.74193548387,12723.1290322581,76.6645161290323,-3646.96774193548,2014-03-01,10736.7857142857,821.892857142857,12226.1785714286,133.214285714286,2651.42857142857,11061.0357142857,80.6957142857143,82.9841270490929,35.754237289651
2014,4,36,0.420696829135219,0.975638246290317,"2014-04-08",0.101342909038067,6.07087135314941,"SKT",2014-04-08,2014-03-08,2014-03-08,"Yes",2014,9636.66666666667,1778.73333333333,12175.1666666667,235.666666666667,3966.66666666667,7912.73333333333,79.3373333333333,-3464.36666666667,2014-04-01,14774.8387096774,847.193548387097,16261.9032258065,133.387096774194,4383.74193548387,12723.1290322581,76.6645161290323,76.6813186450756,33.9495797795909
2014,11,10,3.66892910599709,4.22988699097076,"2013-11-06",0.277614384889603,11.5212774276733,"Bay Study",2013-11-06,2014-03-08,2014-03-08,"No",2013,8783.33333333333,1087.13333333333,10213.4666666667,99.2,3876.6,5567.96666666667,85.6806666666667,-2926.65,2013-11-01,7974.83870967742,1439.38709677419,9815.51612903226,165.451612903226,3702.87096774194,4273.51612903226,85.9312903225807,131.464480790936,63.2690356394966
2014,12,23,6.76484097734742,4.73956245123287,"2013-12-03",0.326097100973129,11.9126644134521,"Bay Study",2013-12-03,2014-03-08,2014-03-08,"No",2013,8204.83870967742,935.387096774194,9463.06451612903,93.1290322580645,2802.96774193548,4951.1935483871,84.4312903225807,-2084.54838709677,2013-12-01,8783.33333333333,1087.13333333333,10213.4666666667,99.2,3876.6,5567.96666666667,85.6806666666667,126.808139480824,50.661764588134
2015,1,19,0.85980517181911,0.850753741981406,"2015-01-14",0.101342909038067,2.74277758598328,"SKT",2015-01-14,2014-12-07,2014-12-24,"Yes",2015,10733.2258064516,884.41935483871,12495.2580645161,407.193548387097,5236.74193548387,6051.35483870968,75.3077419354839,-4155.29032258064,2015-01-01,33066.1290322581,1212.32258064516,37566.6129032258,2666.38709677419,6492.54838709677,33506.935483871,74.1841935483871,123.445714284352,33.7924527489352
2015,2,70,1.26286908462644,1.62606267978526,"2015-02-11",0.109043605625629,4.15573787689209,"SKT",2015-02-11,2014-12-07,2014-12-24,"Yes",2015,17869.2857142857,912.071428571429,20847.25,1051.21428571429,5027.78571428571,16257.5357142857,76.5492857142857,-4042.82142857143,2015-02-01,10733.2258064516,884.41935483871,12495.2580645161,407.193548387097,5236.74193548387,6051.35483870968,75.3077419354839,93.4252872686276,35.4782609700581
2015,3,5,0.516766026616096,0.757035353276229,"2015-03-11",0.165732830762863,1.87042760848999,"SKT",2015-03-11,2014-12-07,2014-12-24,"Yes",2015,7972.90322580645,638.483870967742,10313.6774193548,382.354838709677,3204.16129032258,5988.74193548387,79.6877419354839,-2618.58950605466,2015-03-01,17869.2857142857,912.071428571429,20847.25,1051.21428571429,5027.78571428571,16257.5357142857,76.5492857142857,88.8468899202119,33.714893599774
2015,4,1,0.204889371991158,NA,"2015-04-08",0.204889371991158,0.204889371991158,"SKT",2015-04-08,2014-12-07,2014-12-24,"Yes",2015,6341.33333333333,874.8,9132.3,469.266666666667,1676.4,6818.26666666667,81.2673333333333,-1469.46666666667,2015-04-01,7972.90322580645,638.483870967742,10313.6774193548,382.354838709677,3204.16129032258,5988.74193548387,79.6877419354839,77.0622566711114,35.9829786904315
2015,12,61,0.62451695834027,1.32151157078886,"2014-12-10",0.0773429498076439,8.44275283813477,"SKT",2014-12-10,2014-12-07,2014-12-24,"Yes",2014,33066.1290322581,1212.32258064516,37566.6129032258,2666.38709677419,6492.54838709677,33506.935483871,74.1841935483871,-4891.87096774194,2014-12-01,7596.66666666667,956.266666666667,9263.13333333333,160.666666666667,2980.76666666667,5433.7,84.4043333333333,100.758241704532,43.9610390968911
2016,1,8,0.866473929956555,1.19509039327763,"2016-01-13",0.0917322337627411,3.45229339599609,"SKT",2016-01-13,2016-01-18,2016-03-11,"No",2016,27404.1935483871,1622.83870967742,30676.0322580645,706.129032258065,4612,27636.2258064516,75.158064516129,-3196.30764418923,2016-01-01,10542.2580645161,773.483870967742,11865.3225806452,139.258064516129,2445.8064516129,9248.61290322581,82.6674193548387,74.6981128004362,38.3653847027857
2016,2,6,0.533161738266548,0.590208627744049,"2016-02-10",0.114344574511051,1.29341375827789,"SKT",2016-02-10,2016-01-18,2016-03-11,"Yes",2016,21165.5172413793,1048.89655172414,23319,348.689655172414,5158.44827586207,17844.3448275862,68.3255172413793,-4032.51724137931,2016-02-01,27404.1935483871,1622.83870967742,30676.0322580645,706.129032258065,4612,27636.2258064516,75.158064516129,74.5681817077778,29.3192488372046
2016,3,7,0.645662720714297,1.09448327885114,"2016-03-09",0.231986925005913,3.1277174949646,"SKT",2016-03-09,2016-01-18,2016-03-11,"Yes",2016,53790.3225806452,1992.74193548387,68391.7741935484,10175.0322580645,5837.54838709677,63654.3548387097,64.4545161290323,-4465.16129032258,2016-03-01,21165.5172413793,1048.89655172414,23319,348.689655172414,5158.44827586207,17844.3448275862,68.3255172413793,63.9999998692543,39.925233614779
2016,4,13,0.298062115907669,0,"2016-04-04",0.298062115907669,0.298062115907669,"SKT",2016-04-04,2016-01-18,2016-03-11,"Yes",2016,19436.6666666667,1765.86666666667,22831.7666666667,702,2059.33333333333,20873.9,63.3423333333333,-1808.52333333333,2016-04-01,53790.3225806452,1992.74193548387,68391.7741935484,10175.0322580645,5837.54838709677,63654.3548387097,64.4545161290323,58.2238266756388,38.4355554999245
2016,12,9,7.34531378083759,4.71717770416471,"2015-12-15",0.685412108898163,12.3359651565552,"Suisun",2015-12-15,2016-01-18,2016-03-11,"No",2015,10542.2580645161,773.483870967742,11865.3225806452,139.258064516129,2445.8064516129,9248.61290322581,82.6674193548387,-1782.19408679683,2015-12-01,6122,892.166666666667,7289.03333333333,96.0666666666667,2283.1,4769.06666666667,85.7226666666667,152.022097625785,51.2130434015523
2017,1,20,0.157304358482361,0.197902380352184,"2017-01-11",0.0433354303240776,0.816021084785461,"SKT",2017-01-11,2016-12-12,2017-02-21,"Yes",2017,67500,13347.0322580645,150870.322580645,59044.7096774194,11742.2580645161,143948.451612903,57.0103225806452,-4226.03225806452,2017-01-01,39925.8064516129,1063.54838709677,45025.2258064516,2163.48387096774,8560.35483870968,35362.4516129032,73.7464516129032,41.5353074121991,24.8092105940572
2017,2,9,0.188277872072326,0.0702389101116006,"2017-02-08",0.0739890411496162,0.246825277805328,"SKT",2017-02-08,2016-12-12,2017-02-21,"Yes",2017,82107.1428571429,28964.2857142857,274978.178571429,148441.571428571,11483.0357142857,269002.464285714,44.6657142857143,5642.125,2017-02-01,67500,13347.0322580645,150870.322580645,59044.7096774194,11742.2580645161,143948.451612903,57.0103225806452,51.3311257434733,23.2906977156567
2017,3,9,0.127468524293767,0.100168499415858,"2017-03-08",0.0605806894600391,0.390100687742233,"SKT",2017-03-08,2016-12-12,2017-02-21,"Yes",2017,66770.9677419355,29696.7741935484,128416.935483871,24435.3548387097,4695.77419354839,124338.612903226,43.8416129032258,13441.6129032258,2017-03-01,82107.1428571429,28964.2857142857,274978.178571429,148441.571428571,11483.0357142857,269002.464285714,44.6657142857143,84.9619563580423,38.8588468599509
2017,4,4,0.345187842845917,0,"2017-04-05",0.345187842845917,0.345187842845917,"SKT",2017-04-05,2016-12-12,2017-02-21,"Yes",2017,67336.6666666667,23530,112579.366666667,15255.3333333333,5547.1,106997.466666667,48.0053333333333,7379.66666666667,2017-04-01,66770.9677419355,29696.7741935484,128416.935483871,24435.3548387097,4695.77419354839,124338.612903226,43.8416129032258,67.1368822815754,54.6356588617468
2017,11,9,2.01958440409766,0.53388799140327,"2016-11-07",0.875186443328857,2.56828212738037,"FMWT",2016-11-07,2016-12-12,2017-02-21,"No",2016,15056.6666666667,1147.13333333333,16894.8333333333,112.7,7684.06666666667,8668.96666666667,81.106,-6746.50596129857,2016-11-01,11633.8709677419,1232.83870967742,13487.3870967742,154.967741935484,6896.8064516129,7614.93548387097,83.9564516129032,148.077720049132,76.3116277273311
2017,12,218,0.296300633579766,1.06978626315658,"2016-12-08",0.0955745875835419,7.96563005447388,"SKT",2016-12-08,2016-12-12,2017-02-21,"No",2016,39925.8064516129,1063.54838709677,45025.2258064516,2163.48387096774,8560.35483870968,35362.4516129032,73.7464516129032,-7437.09677419355,2016-12-01,15056.6666666667,1147.13333333333,16894.8333333333,112.7,7684.06666666667,8668.96666666667,81.106,95.4686346533554,42.8841269765581
2018,1,10,0.705675208568573,1.03472030697276,"2018-01-10",0.378467917442322,3.65054082870483,"SKT",2018-01-10,2018-01-12,2018-04-02,"No",2018,18180.6451612903,2265.48387096774,21294.5806451613,135.548387096774,6497,16992,75.6067741935484,-4714.06451612903,2018-01-01,14425.8064516129,2150.64516129032,17287.2580645161,87.3225806451613,8457.58064516129,6841.12903225806,79.9251612903226,126.738805533642,58.8557691734571
2018,2,4,1.23113644123077,0.0156090762913291,"2018-02-08",1.21761858463287,1.24465429782867,"SKT",2018-02-08,2018-01-12,2018-04-02,"Yes",2018,13532.1428571429,2145,16323.2857142857,117.071428571429,4082.21428571429,11570.25,73.9135714285714,-3041.03571428571,2018-02-01,18180.6451612903,2265.48387096774,21294.5806451613,135.548387096774,6497,16992,75.6067741935484,133.615384505345,47.7368420571612
2018,3,1,0.134154140949249,NA,"2018-03-07",0.134154140949249,0.134154140949249,"SKT",2018-03-07,2018-01-12,2018-04-02,"Yes",2018,26558.064516129,3631.93548387097,32748.0967741935,248.387096774194,6472.54838709677,28192.6774193548,71.2712903225806,-4381.83870967742,2018-03-01,13532.1428571429,2145,16323.2857142857,117.071428571429,4082.21428571429,11570.25,73.9135714285714,107.971128588977,46.9143388415626
2018,12,6,1.93725009759267,2.6181755227244,"2017-12-13",0.564474642276764,7.25672626495361,"SKT",2017-12-13,2018-01-12,2018-04-02,"No",2017,14425.8064516129,2150.64516129032,17287.2580645161,87.3225806451613,8457.58064516129,6841.12903225806,79.9251612903226,-7133.98115792573,2017-12-01,13666.6666666667,2046.33333333333,17305.7333333333,102.4,7588.3,9046.36666666667,78.0936666666667,126.28106415695,53.4334975563247
2019,1,1,0.0898119583725929,NA,"2019-01-24",0.0898119583725929,0.0898119583725929,"SKT",2019-01-24,2019-01-10,2019-03-07,"Yes",2019,31577.4193548387,1530.64516129032,36567,2029.35483870968,6045.96774193548,32308.7741935484,71.9496774193548,-4956.77419354839,2019-01-01,15093.5483870968,1384.83870967742,17005.1935483871,80.8709677419355,7718.90322580645,10077.4193548387,79.6287096774194,83.6622338756285,42.5264956666364
2019,2,1,0.0653685927391052,NA,"2019-02-20",0.0653685927391052,0.0653685927391052,"SKT",2019-02-20,2019-01-10,2019-03-07,"Yes",2019,55289.2857142857,8654.28571428571,85988.75,15200.3571428571,8489.10714285714,81926.8928571429,60.0042857142857,-4256.14285714286,2019-02-01,31577.4193548387,1530.64516129032,36567,2029.35483870968,6045.96774193548,32308.7741935484,71.9496774193548,51.1660899381736,30.8140043420004
2019,12,5,2.38668327331543,0.880218792635005,"2018-12-12",1.9930374622345,3.96126651763916,"SKT",2018-12-12,2019-01-10,2019-03-07,"No",2018,15093.5483870968,1384.83870967742,17005.1935483871,80.8709677419355,7718.90322580645,10077.4193548387,79.6287096774194,-6162.58064516129,2018-12-01,9611.66666666667,1564,11723.3333333333,83.8333333333333,4073,7894.5,84.8646666666667,126.449663281041,71.2205882370472
2020,1,4,0.699152335524559,0.35362151337077,"2020-01-15",0.374425917863846,1.0487380027771,"EDSM",2020-01-15,NA,NA,"No",2020,16458.064516129,2259.35483870968,19374,116.806451612903,6433,12917.6451612903,75.2570967741935,-4651.51612903226,2020-01-01,19409.6774193548,3628.06451612903,23844.8709677419,144.387096774194,10572.5483870968,14507.5806451613,75.6267741935484,144.654284149579,62.3816046097741
2020,2,3,2.75495436787605,4.48577915759273,"2020-02-12",0.119168594479561,7.93441295623779,"EDSM",2020-02-12,NA,NA,"No",2020,13586.2068965517,2259.31034482759,16420.6896551724,144.620689655172,3786.31034482759,11768.0689655172,74.02,-2650.51034482759,2020-02-01,16458.064516129,2259.35483870968,19374,116.806451612903,6433,12917.6451612903,75.2570967741935,119.487420500637,49.202040737989
2020,3,2,0.239416182041168,0.0443792827828191,"2020-03-10",0.208035290241241,0.270797073841095,"EDSM",2020-03-10,NA,NA,"No",2020,12067.7419354839,2114.83870967742,15042.8709677419,83.5806451612903,4635.06451612903,10325.4838709677,75.3583870967742,-3489.72678538737,2020-03-01,13586.2068965517,2259.31034482759,16420.6896551724,144.620689655172,3786.31034482759,11768.0689655172,74.02,151.859203968668,56.5562247782347
2020,11,3,2.55655766526858,2.00229122634911,"2019-11-12",0.336138278245926,4.22486543655396,"EDSM",2019-11-12,NA,NA,"No",2019,10621,1721.33333333333,12884.9,62.3333333333333,4889.63333333333,6787.63333333333,77.6823333333333,-3754.12382571742,2019-11-01,14280.6451612903,2674.51612903226,17875.2903225806,41.3870967741936,2804.70967741935,13226.6451612903,73.7941935483871,135.725489771834,59.402352918106
2020,12,8,1.58203753083944,2.99811257140343,"2019-12-18",0.14705117046833,8.60613059997559,"EDSM",2019-12-18,NA,NA,"No",2019,19409.6774193548,3628.06451612903,23844.8709677419,144.387096774194,10572.5483870968,14507.5806451613,75.6267741935484,-8151.61290322581,2019-12-01,10621,1721.33333333333,12884.9,62.3333333333333,4889.63333333333,6787.63333333333,77.6823333333333,102.21135617393,56.8144875234092
2021,1,1,0.374931037425995,NA,"2021-01-06",0.374931037425995,0.374931037425995,"EDSM",2021-01-06,NA,NA,"No",NA,NA,NA,NA,NA,NA,NA,NA,NA,NA,NA,NA,NA,NA,NA,NA,NA,147.035210229561,61.3762885665463
2021,11,1,7.38748025894165,NA,"2020-11-09",7.38748025894165,7.38748025894165,"EDSM",2020-11-09,NA,NA,"No",NA,NA,NA,NA,NA,NA,NA,NA,NA,NA,NA,NA,NA,NA,NA,NA,NA,162.35135058562,72.548532787887
