"WY","Month","Date_median","dist_km_facility","dist_km_sd","Count","FirstFlush_firstDate","FirstFlush_medianDate","FirstFlushOccurred","Year","SAC","SJR","TOT","YOLO","EXPORTS","OUT","X2","mean_OMR","DateMonth","SAC_1","SJR_1","TOT_1","YOLO_1","EXPORTS_1","OUT_1","X2_1"
1976,3,"1976-03-24",70.5452156193128,12.206375009951,40,1975-11-25,1975-12-08,"Yes",1976,14574.1935483871,1822.90322580645,16617.5483870968,51,8420.16129032258,7788.1935483871,80.316065323871,-4570.14028252271,1976-03-01,12772.4137931034,2114.8275862069,15080.7931034483,33.7586206896552,7817.44827586207,7471.31034482759,79.4769950924138
1976,4,"1976-04-06",57.7872756335601,14.1255816205419,96,1975-11-25,1975-12-08,"Yes",1976,12724.3333333333,1292.73333333333,14199.7333333333,0.1,5141.63333333333,8728.93333333333,80.8916546696667,-7905.55414379175,1976-04-01,14574.1935483871,1822.90322580645,16617.5483870968,51,8420.16129032258,7788.1935483871,80.316065323871
1976,11,"1975-11-13",54.401148244524,9.91660638427115,67,1975-11-25,1975-12-08,"No",1975,22250,3906,27058.9666666667,12.7,8009.43333333333,17921.1333333333,70.4997963753333,-5101.09574649139,1975-11-01,19174.1935483871,4543.22580645161,24646.7741935484,17.6129032258065,7560.09677419355,16900.935483871,72.3299388419355
1976,12,"1975-12-16",57.0878614287615,12.062949073137,80,1975-11-25,1975-12-08,"Yes",1975,25545.1612903226,3744.83870967742,29673.8709677419,40.3225806451613,7819.35483870968,19953.8709677419,68.6271529141935,-4570.14028252271,1975-12-01,22250,3906,27058.9666666667,12.7,8009.43333333333,17921.1333333333,70.4997963753333
1977,1,"1977-01-14",52.006480491241,13.9651268831225,82,NA,NA,"No",1977,9801.61290322581,1090.77419354839,10945.935483871,2.54838709677419,7044.45161290323,4362.61290322581,86.6837333993548,-7845.99543866844,1977-01-01,7742.90322580645,964.838709677419,8766.93548387097,1.12903225806452,2783.45161290323,4213.06451612903,88.5246706932258
1977,3,"1977-03-16",51.1915213116294,5.50900643823478,80,NA,NA,"No",1977,6572.90322580645,523.677419354839,7150.03225806452,3.67741935483871,3875.41935483871,3007.25806451613,89.575682683871,-4570.14028252271,1977-03-01,8002.85714285714,788.535714285714,8832.82142857143,1.10714285714286,4381,4878.25,90.8812471371429
1977,4,"1977-04-12",54.6414835419516,5.62167277007558,19,NA,NA,"No",1977,5961,212.1,6198.73333333333,1,1401.63333333333,2977.03333333333,91.4685639046667,-7905.55414379175,1977-04-01,6572.90322580645,523.677419354839,7150.03225806452,3.67741935483871,3875.41935483871,3007.25806451613,89.575682683871
1977,11,"1976-11-24",47.8636670876904,11.184560550332,77,NA,NA,"No",1976,7823.33333333333,1136,9059.13333333333,6.23333333333333,4243.9,3643.43333333333,89.3020949183333,-5101.09574649139,1976-11-01,8102.90322580645,1273.54838709677,9405.48387096774,1,4617.83870967742,3611.48387096774,88.9509433712903
1978,1,"1978-01-13",57.9882762409705,13.2812028806065,95,1978-01-07,1978-03-06,"Yes",1978,45490.3225806452,2275.67741935484,70897.1612903226,18700.9677419355,9858.90322580645,66157.0322580645,70.0067245087097,-7845.99543866844,1978-01-01,11745.4838709677,505.741935483871,12525.7096774194,0,5830.77419354839,8569.87096774194,89.1853869835484
1978,2,"1978-02-08",42.4816564649855,NA,1,1978-01-07,1978-03-06,"Yes",1978,44703.5714285714,7318.57142857143,63704.3571428571,8617.53571428571,10309.5357142857,56158.5714285714,60.0650310042857,-5101.09574649139,1978-02-01,45490.3225806452,2275.67741935484,70897.1612903226,18700.9677419355,9858.90322580645,66157.0322580645,70.0067245087097
1978,3,"1978-03-22",67.2977610286343,19.5253074557585,132,1978-01-07,1978-03-06,"Yes",1978,55570.9677419355,11474.8387096774,88587.9032258065,18367.9032258065,5843.74193548387,85618.6129032258,55.3329582596774,-4570.14028252271,1978-03-01,44703.5714285714,7318.57142857143,63704.3571428571,8617.53571428571,10309.5357142857,56158.5714285714,60.0650310042857
1978,4,"1978-04-13",82.5726285739067,7.11792270800814,291,1978-01-07,1978-03-06,"Yes",1978,38883.3333333333,20030,63741.7,1377.63333333333,3377.33333333333,61170.1333333333,55.4879615403333,-7905.55414379175,1978-04-01,55570.9677419355,11474.8387096774,88587.9032258065,18367.9032258065,5843.74193548387,85618.6129032258,55.3329582596774
1978,11,"1977-11-15",53.8469097858235,10.5763810428521,85,1978-01-07,1978-03-06,"No",1977,6687.33333333333,429.7,7151.43333333333,0,2651.16666666667,4003.43333333333,91.0039867063333,-5101.09574649139,1977-11-01,4494.1935483871,246.193548387097,4749.32258064516,0,791.709677419355,2045.90322580645,94.7305485509677
1978,12,"1977-12-13",55.8346040673977,10.0226363475558,105,1978-01-07,1978-03-06,"No",1977,11745.4838709677,505.741935483871,12525.7096774194,0,5830.77419354839,8569.87096774194,89.1853869835484,-4570.14028252271,1977-12-01,6687.33333333333,429.7,7151.43333333333,0,2651.16666666667,4003.43333333333,91.0039867063333
1979,2,"1979-02-12",72.0481134729659,16.2945004100543,50,1979-01-13,1979-02-27,"Yes",1979,32442.8571428571,7137.85714285714,45683.2142857143,1661.60714285714,2938.82142857143,46341.0714285714,66.6602227467857,-5101.09574649139,1979-02-01,23190.3225806452,5233.22580645161,30791,424.935483870968,4103.90322580645,30522.4516129032,71.8701045074194
1979,3,"1979-03-08",68.8325908261106,22.6808136563322,49,1979-01-13,1979-02-27,"Yes",1979,29164.5161290323,8651.93548387097,41626.5483870968,333.903225806452,4347.12903225806,38086.8064516129,60.65586867,-4570.14028252271,1979-03-01,32442.8571428571,7137.85714285714,45683.2142857143,1661.60714285714,2938.82142857143,46341.0714285714,66.6602227467857
1979,4,"1979-04-12",65.7030261389807,17.3793470605538,603,1979-01-13,1979-02-27,"Yes",1979,16546.6666666667,3506.33333333333,21618.0333333333,30.1,5881.9,14484.6,67.5090901586667,-7905.55414379175,1979-04-01,29164.5161290323,8651.93548387097,41626.5483870968,333.903225806452,4347.12903225806,38086.8064516129,60.65586867
1979,11,"1978-11-20",56.2561980339466,11.1845661454061,26,1979-01-13,1979-02-27,"No",1978,12443.3333333333,3497.66666666667,16414.2,2.93333333333333,5572.66666666667,10928.0666666667,77.516614028,-5101.09574649139,1978-11-01,12487.0967741935,3327.41935483871,16619.6129032258,1.09677419354839,5157.12903225806,9599.96774193548,76.3381575248387
1979,12,"1978-12-14",64.4433825369516,12.34482004035,26,1979-01-13,1979-02-27,"No",1978,13203.2258064516,2812.25806451613,16334.7096774194,6.96774193548387,6050.67741935484,8779.70967741935,77.0913969332258,-4570.14028252271,1978-12-01,12443.3333333333,3497.66666666667,16414.2,2.93333333333333,5572.66666666667,10928.0666666667,77.516614028
1980,1,"1980-01-14",82.1649130927804,2.80444125168992,379,1979-12-26,1980-02-19,"Yes",1980,58635.4838709677,13069.0322580645,120990.64516129,40646.0322580645,6368.83870967742,118220.129032258,60.3202989641935,-7845.99543866844,1980-01-01,20319.3548387097,2486.77419354839,24316.5161290323,919.258064516129,5973.32258064516,19028.5483870968,74.7803774545161
1980,2,"1980-02-14",79.9016598630434,9.02537764986145,217,1979-12-26,1980-02-19,"Yes",1980,52575.8620689655,18648.275862069,125777.344827586,46505.3103448276,6183.72413793103,121654.793103448,54.0031173641379,-5101.09574649139,1980-02-01,58635.4838709677,13069.0322580645,120990.64516129,40646.0322580645,6368.83870967742,118220.129032258,60.3202989641935
1980,3,"1980-03-13",80.8326590647082,6.53858197316089,102,1979-12-26,1980-02-19,"Yes",1980,55338.7096774194,25232.2580645161,103281.387096774,17793.1612903226,4359.87096774194,99151.8387096774,48.7861534935484,-4570.14028252271,1980-03-01,52575.8620689655,18648.275862069,125777.344827586,46505.3103448276,6183.72413793103,121654.793103448,54.0031173641379
1980,4,"1980-04-10",77.7933054083583,10.4143724521556,61,1979-12-26,1980-02-19,"Yes",1980,22586.6666666667,10249.3333333333,34672.4333333333,55.7,5404.06666666667,28628.3666666667,58.3508481416667,-7905.55414379175,1980-04-01,55338.7096774194,25232.2580645161,103281.387096774,17793.1612903226,4359.87096774194,99151.8387096774,48.7861534935484
1980,11,"1979-11-14",55.8960801443274,0,2,1979-12-26,1980-02-19,"No",1979,15200,2320,18177.9333333333,9.73333333333333,5856.86666666667,12172.0666666667,78.0522327893333,-5101.09574649139,1979-11-01,12577.4193548387,2790.32258064516,16035.1290322581,8.93548387096774,7751.96774193548,7798.64516129032,83.6873369483871
1980,12,"1979-12-26",59.3483132907839,0,2,1979-12-26,1980-02-19,"Yes",1979,20319.3548387097,2486.77419354839,24316.5161290323,919.258064516129,5973.32258064516,19028.5483870968,74.7803774545161,-4570.14028252271,1979-12-01,15200,2320,18177.9333333333,9.73333333333333,5856.86666666667,12172.0666666667,78.0522327893333
1981,1,"1981-01-28",61.752269045532,13.5812812885084,159,1980-12-07,1981-02-19,"Yes",1981,18509.6774193548,3250.64516129032,23285.935483871,974.838709677419,8264.83870967742,18325.2580645161,78.4956995574194,-7845.99543866844,1981-01-01,16687.0967741935,2949.35483870968,19917.3870967742,17.0645161290323,6764.64516129032,12486.8064516129,77.526414283871
1981,2,"1981-02-12",62.7739119804415,21.2601332198232,173,1980-12-07,1981-02-19,"Yes",1981,24239.2857142857,2878.92857142857,28180.0357142857,716.857142857143,7242.14285714286,21171.3928571429,70.3224028928571,-5101.09574649139,1981-02-01,18509.6774193548,3250.64516129032,23285.935483871,974.838709677419,8264.83870967742,18325.2580645161,78.4956995574194
1981,3,"1981-03-19",68.8900629024157,23.6377716336679,200,1980-12-07,1981-02-19,"Yes",1981,24509.6774193548,3121.93548387097,29248.6451612903,259.838709677419,4834.22580645161,26483.2580645161,69.3054296745161,-4570.14028252271,1981-03-01,24239.2857142857,2878.92857142857,28180.0357142857,716.857142857143,7242.14285714286,21171.3928571429,70.3224028928571
1981,4,"1981-04-09",80.1900648494562,8.52990157231188,431,1980-12-07,1981-02-19,"Yes",1981,17224.3333333333,2532.33333333333,20227.0333333333,32.2,8094.36666666667,11647.6666666667,71.649977122,-7905.55414379175,1981-04-01,24509.6774193548,3121.93548387097,29248.6451612903,259.838709677419,4834.22580645161,26483.2580645161,69.3054296745161
1981,11,"1980-11-13",51.2083238440568,9.55710277749593,470,1980-12-07,1981-02-19,"No",1980,10871.6666666667,3277.66666666667,14715.2666666667,10.9,6457.3,6661.8,81.3779255563333,-5101.09574649139,1980-11-01,11343.5483870968,4072.25806451613,15880.1935483871,6.7741935483871,6740.96774193548,7320.83870967742,78.950194583871
1981,12,"1980-12-09",56.7254027510777,13.012918869805,420,1980-12-07,1981-02-19,"Yes",1980,16687.0967741935,2949.35483870968,19917.3870967742,17.0645161290323,6764.64516129032,12486.8064516129,77.526414283871,-4570.14028252271,1980-12-01,10871.6666666667,3277.66666666667,14715.2666666667,10.9,6457.3,6661.8,81.3779255563333
1982,1,"1982-01-05",72.2394379324521,10.1334278428762,70,1981-11-17,1982-02-07,"Yes",1982,64609.6774193548,3889.03225806452,98111.6451612903,21286.7096774194,5208.16129032258,97674.0322580645,51.4472325012903,-7845.99543866844,1982-01-01,62058.064516129,1850.96774193548,91561.8064516129,24453.7419354839,5166.8064516129,86287.3870967742,60.736028763871
1982,2,"1982-02-09",59.3881614932677,16.6015226976526,41,1981-11-17,1982-02-07,"Yes",1982,59432.1428571429,6645.35714285714,100334.892857143,26362.3571428571,9452.39285714286,92555.1785714286,54.6245182592857,-5101.09574649139,1982-02-01,64609.6774193548,3889.03225806452,98111.6451612903,21286.7096774194,5208.16129032258,97674.0322580645,51.4472325012903
1982,3,"1982-03-10",56.8279709642455,16.7680929757182,62,1981-11-17,1982-02-07,"Yes",1982,62812.9032258065,10061.6129032258,86349.5806451613,5265.35483870968,10417.7096774194,80088.3870967742,51.6851057570968,-4570.14028252271,1982-03-01,59432.1428571429,6645.35714285714,100334.892857143,26362.3571428571,9452.39285714286,92555.1785714286,54.6245182592857
1982,4,"1982-04-16",70.6736192350189,16.3986362927269,117,1981-11-17,1982-02-07,"Yes",1982,76580,22963.3333333333,149355.933333333,38217.5333333333,9613.46666666667,142192.366666667,48.518323833,-7905.55414379175,1982-04-01,62812.9032258065,10061.6129032258,86349.5806451613,5265.35483870968,10417.7096774194,80088.3870967742,51.6851057570968
1982,11,"1981-11-13",55.6683278872959,12.2872114015792,86,1981-11-17,1982-02-07,"No",1981,32939.3333333333,1564,39365.7333333333,3761.16666666667,4717.36666666667,36000.6,79.0463367713333,-5101.09574649139,1981-11-01,9895.16129032258,1386.45161290323,11441.0967741935,5.41935483870968,5934.54838709677,5213.77419354839,86.8215238280645
1982,12,"1981-12-10",65.7777842554598,14.2034259353638,118,1981-11-17,1982-02-07,"Yes",1981,62058.064516129,1850.96774193548,91561.8064516129,24453.7419354839,5166.8064516129,86287.3870967742,60.736028763871,-4570.14028252271,1981-12-01,32939.3333333333,1564,39365.7333333333,3761.16666666667,4717.36666666667,36000.6,79.0463367713333
1983,1,"1983-01-03",67.6550436049576,14.3007784162084,67,1982-11-03,1983-02-07,"Yes",1983,47512.9032258065,19067.7419354839,96860.6129032258,21640.3870967742,10077.8709677419,89761.5483870968,55.0301055151613,-7845.99543866844,1983-01-01,57706.4516129032,16493.5483870968,95522.7096774193,12297.5161290323,8428.45161290323,88908,57.0542632064516
1983,2,"1983-02-05",82.2445800042018,23.2533881105125,26,1982-11-03,1983-02-07,"Yes",1983,79039.2857142857,31603.5714285714,183046.035714286,60479.8571428571,10246.0357142857,175756.25,46.9010182125,-5101.09574649139,1983-02-01,47512.9032258065,19067.7419354839,96860.6129032258,21640.3870967742,10077.8709677419,89761.5483870968,55.0301055151613
1983,3,"1983-03-07",71.9168664783766,21.985499269137,61,1982-11-03,1983-02-07,"Yes",1983,78290.3225806452,40035.4838709677,266621.322580645,130358.387096774,5436.16129032258,266623.161290323,40.8910494980645,-4570.14028252271,1983-03-01,79039.2857142857,31603.5714285714,183046.035714286,60479.8571428571,10246.0357142857,175756.25,46.9010182125
1983,4,"1983-04-19",80.4404973090386,7.72313936607201,301,1982-11-03,1983-02-07,"Yes",1983,60510,36446.6666666667,121802.566666667,17918.9333333333,3833.66666666667,118099.733333333,44.1432311363333,-7905.55414379175,1983-04-01,78290.3225806452,40035.4838709677,266621.322580645,130358.387096774,5436.16129032258,266623.161290323,40.8910494980645
1983,11,"1982-11-11",54.8044457038842,10.077001185012,60,1982-11-03,1983-02-07,"Yes",1982,31523.3333333333,6974.33333333333,42768.5333333333,452.8,6072.76666666667,39152.3333333333,64.7999767746667,-5101.09574649139,1982-11-01,19229.0322580645,8179.35483870968,28817.1612903226,17.1290322580645,5295.03225806452,22975.3870967742,66.8826108745161
1983,12,"1982-12-14",64.9867998230828,14.2698137247655,76,1982-11-03,1983-02-07,"Yes",1982,57706.4516129032,16493.5483870968,95522.7096774193,12297.5161290323,8428.45161290323,88908,57.0542632064516,-4570.14028252271,1982-12-01,31523.3333333333,6974.33333333333,42768.5333333333,452.8,6072.76666666667,39152.3333333333,64.7999767746667
1984,1,"1984-01-20",74.8742884800265,34.3321254113369,10,1983-11-12,1984-01-16,"Yes",1984,56803.2258064516,25729.0322580645,103430.64516129,16699.7419354839,1720.03225806452,100905.806451613,47.1176361574194,-7845.99543866844,1984-01-01,74512.9032258065,19125.8064516129,154696.483870968,51892.2580645161,2142.1935483871,154586.870967742,50.4754610045161
1984,2,"1984-02-28",96.4321037790136,16.8555253342761,30,1983-11-12,1984-01-16,"Yes",1984,32372.4137931034,10833.1034482759,46831.275862069,1300.8275862069,5767.37931034483,41515.4482758621,56.1896705651724,-5101.09574649139,1984-02-01,56803.2258064516,25729.0322580645,103430.64516129,16699.7419354839,1720.03225806452,100905.806451613,47.1176361574194
1984,3,"1984-03-06",80.6353785709368,20.8748081168492,24,1983-11-12,1984-01-16,"Yes",1984,31425.8064516129,7501.61290322581,42147.4838709677,1080.25806451613,6929.70967741936,34915.5161290323,60.3784977296774,-4570.14028252271,1984-03-01,32372.4137931034,10833.1034482759,46831.275862069,1300.8275862069,5767.37931034483,41515.4482758621,56.1896705651724
1984,4,"1984-04-09",56.7211179355609,7.22022493103277,548,1983-11-12,1984-01-16,"Yes",1984,17933.3333333333,4285,23780.4333333333,332.8,7779.13333333333,14637.1333333333,66.439203897,-7905.55414379175,1984-04-01,31425.8064516129,7501.61290322581,42147.4838709677,1080.25806451613,6929.70967741936,34915.5161290323,60.3784977296774
1984,11,"1983-11-09",67.9981411468044,7.61221738769252,95,1983-11-12,1984-01-16,"No",1983,48820,10876.3333333333,71674.5333333333,5985.4,1754.33333333333,74137.1333333333,60.3115402563333,-5101.09574649139,1983-11-01,21148.3870967742,13322.5806451613,36150.4516129032,188.225806451613,2506.22580645161,32282.6451612903,62.8524559190323
1984,12,"1983-12-06",75.0529911696537,10.4407304231582,17,1983-11-12,1984-01-16,"Yes",1983,74512.9032258065,19125.8064516129,154696.483870968,51892.2580645161,2142.1935483871,154586.870967742,50.4754610045161,-4570.14028252271,1983-12-01,48820,10876.3333333333,71674.5333333333,5985.4,1754.33333333333,74137.1333333333,60.3115402563333
1985,1,"1985-01-10",43.5288336815183,12.078324380841,6,1984-11-15,1984-12-07,"Yes",1985,16790.3225806452,4070.32258064516,21381.1290322581,48.4838709677419,5835.25806451613,15120.2258064516,68.44782162,-7845.99543866844,1985-01-01,32558.064516129,4774.83870967742,39733.3870967742,1131.35483870968,8464.51612903226,31066.3225806452,64.2851875896774
1985,2,"1985-02-05",50.1155300961145,10.1521759143474,7,1984-11-15,1984-12-07,"Yes",1985,18271.4285714286,3242.5,22682.7857142857,156.785714285714,7614.46428571429,15589.9285714286,71.7629455539286,-5101.09574649139,1985-02-01,16790.3225806452,4070.32258064516,21381.1290322581,48.4838709677419,5835.25806451613,15120.2258064516,68.44782162
1985,3,"1985-03-27",52.4542121014829,7.7147528658075,6,1984-11-15,1984-12-07,"Yes",1985,14309.6774193548,2742.58064516129,18008.3870967742,4.61290322580645,8638.58064516129,10409.8064516129,75.8094290009677,-4570.14028252271,1985-03-01,18271.4285714286,3242.5,22682.7857142857,156.785714285714,7614.46428571429,15589.9285714286,71.7629455539286
1985,4,"1985-04-08",53.6048803922644,3.24271639844269,104,1984-11-15,1984-12-07,"Yes",1985,12495.3333333333,2445,15830.8666666667,0,7408.43333333333,6846.1,78.3715133426667,-7905.55414379175,1985-04-01,14309.6774193548,2742.58064516129,18008.3870967742,4.61290322580645,8638.58064516129,10409.8064516129,75.8094290009677
1985,11,"1984-11-05",72.6317510841786,4.34714479909949,6,1984-11-15,1984-12-07,"No",1984,26280,2865,31818.5666666667,1489.13333333333,7996.26666666667,25952.7333333333,72.4522085633333,-5101.09574649139,1984-11-01,13235.4838709677,4029.35483870968,18056.6451612903,19.5483870967742,5622.03225806452,11899.3225806452,74.3578737393548
1985,12,"1984-12-06",50.7471303690999,14.562178194996,29,1984-11-15,1984-12-07,"Yes",1984,32558.064516129,4774.83870967742,39733.3870967742,1131.35483870968,8464.51612903226,31066.3225806452,64.2851875896774,-4570.14028252271,1984-12-01,26280,2865,31818.5666666667,1489.13333333333,7996.26666666667,25952.7333333333,72.4522085633333
1986,1,"1986-01-06",50.0514642016469,NA,1,1985-12-04,1986-03-04,"Yes",1986,19964.5161290323,2059.67741935484,23316.2903225806,142.387096774194,9070.54838709677,15208.8387096774,80.8235369706452,-7845.99543866844,1986-01-01,16106.4516129032,2205.16129032258,19091.2903225806,181.774193548387,9858.61290322581,9430.16129032258,81.8707942596774
1986,2,"1986-02-03",62.2973903915682,20.4641231586238,7,1985-12-04,1986-03-04,"Yes",1986,68892.8571428571,8743.57142857143,207820.035714286,115390.928571429,6074,205414.107142857,61.9742646360714,-5101.09574649139,1986-02-01,19964.5161290323,2059.67741935484,23316.2903225806,142.387096774194,9070.54838709677,15208.8387096774,80.8235369706452
1986,3,"1986-03-04",59.067953932092,20.0980189747359,31,1985-12-04,1986-03-04,"Yes",1986,74983.8709677419,25035.4838709677,168596.290322581,58664.4193548387,3199.12903225806,169447.483870968,45.8980756845161,-4570.14028252271,1986-03-01,68892.8571428571,8743.57142857143,207820.035714286,115390.928571429,6074,205414.107142857,61.9742646360714
1986,4,"1986-04-19",55.3572439086276,4.2511013741733,23,1985-12-04,1986-03-04,"Yes",1986,25826.6666666667,19590,50072.5333333333,1151.26666666667,4729.1,46539.0666666667,52.20319155,-7905.55414379175,1986-04-01,74983.8709677419,25035.4838709677,168596.290322581,58664.4193548387,3199.12903225806,169447.483870968,45.8980756845161
1986,11,"1985-11-08",48.5742916193431,1.80156704854378,20,1985-12-04,1986-03-04,"No",1985,10417.6666666667,1929,12680.7333333333,24.9666666666667,7330.43333333333,6889.7,89.981530705,-5101.09574649139,1985-11-01,9710.64516129032,2071.93548387097,12011.9677419355,20,7715.77419354839,3365.54838709677,92.0595459512903
1986,12,"1985-12-03",48.1363465040348,5.23577865771927,30,1985-12-04,1986-03-04,"No",1985,16106.4516129032,2205.16129032258,19091.2903225806,181.774193548387,9858.61290322581,9430.16129032258,81.8707942596774,-4570.14028252271,1985-12-01,10417.6666666667,1929,12680.7333333333,24.9666666666667,7330.43333333333,6889.7,89.981530705
1987,1,"1987-01-05",40.5068093680845,4.6759068226434,6,1987-02-15,1987-03-15,"No",1987,13170.9677419355,2305.16129032258,15984.9032258065,25,6251.90322580645,10818.1612903226,77.3944753445161,-7845.99543866844,1987-01-01,13109.6774193548,3706.12903225806,17406.1612903226,25,7260.06451612903,8986.35483870968,78.8341850625806
1987,2,"1987-02-14",50.0277215809545,12.5706006386516,4,1987-02-15,1987-03-15,"No",1987,17403.5714285714,2136.07142857143,20150.2857142857,30.6428571428571,6845.35714285714,16859.1428571429,74.1258912478571,-5101.09574649139,1987-02-01,13170.9677419355,2305.16129032258,15984.9032258065,25,6251.90322580645,10818.1612903226,77.3944753445161
1987,3,"1987-03-10",51.7182543402615,12.5224264450697,18,1987-02-15,1987-03-15,"Yes",1987,21577.4193548387,3414.51612903226,26321.6774193548,219.258064516129,5600.22580645161,22915.9677419355,71.6922064948387,-4570.14028252271,1987-03-01,17403.5714285714,2136.07142857143,20150.2857142857,30.6428571428571,6845.35714285714,16859.1428571429,74.1258912478571
1987,4,"1987-04-10",54.8535425054448,2.07659505601277,41,1987-02-15,1987-03-15,"Yes",1987,11826.3333333333,2867,15165.8666666667,45.7666666666667,7100.4,6212.23333333333,76.4958668633333,-7905.55414379175,1987-04-01,21577.4193548387,3414.51612903226,26321.6774193548,219.258064516129,5600.22580645161,22915.9677419355,71.6922064948387
1987,11,"1986-11-05",57.6625776895073,9.49522328943162,35,1987-02-15,1987-03-15,"No",1986,12680,2841.66666666667,16283.7,24.9666666666667,6860.33333333333,7731.66666666667,78.1794498906667,-5101.09574649139,1986-11-01,15445.1612903226,3741.29032258065,20058.064516129,20,7585.12903225806,10608.4193548387,75.8855702719355
1987,12,"1986-12-04",52.7651918890122,7.85166042286819,70,1987-02-15,1987-03-15,"No",1986,13109.6774193548,3706.12903225806,17406.1612903226,25,7260.06451612903,8986.35483870968,78.8341850625806,-4570.14028252271,1986-12-01,12680,2841.66666666667,16283.7,24.9666666666667,6860.33333333333,7731.66666666667,78.1794498906667
1988,1,"1988-01-26",59.3483132907839,NA,1,1987-12-12,1988-01-13,"Yes",1988,25400,1482.58064516129,28788.6129032258,1570.70967741935,10419.8387096774,19590.7096774194,75.8569798835484,-8154.51612903226,1988-01-01,15743.8709677419,1278.06451612903,17201.5483870968,25,8986.25806451613,9454.09677419355,82.3597563180645
1988,2,"1988-02-01",42.415740334797,6.61273084497519,3,1987-12-12,1988-01-13,"Yes",1988,12187.9310344828,1388.96551724138,13762.6551724138,16.0689655172414,10028.3793103448,3062.1724137931,86.7997885489655,-7950.09299143834,1988-02-01,25400,1482.58064516129,28788.6129032258,1570.70967741935,10419.8387096774,19590.7096774194,75.8569798835484
1988,3,"1988-03-07",62.3952868194087,10.5459858394699,4,1987-12-12,1988-01-13,"Yes",1988,11348.3870967742,2240.64516129032,13880,25.9354838709677,8502.06451612903,4480.64516129032,94.2550215964516,-6539.03225806452,1988-03-01,12187.9310344828,1388.96551724138,13762.6551724138,16.0689655172414,10028.3793103448,3062.1724137931,86.7997885489655
1988,4,"1988-04-25",54.3683843595379,NA,1,1987-12-12,1988-01-13,"Yes",1988,16886.6666666667,2145.66666666667,19369.7333333333,45.8333333333333,8651.96666666667,11417.4333333333,81.6908818586667,-6803.66666666667,1988-04-01,11348.3870967742,2240.64516129032,13880,25.9354838709677,8502.06451612903,4480.64516129032,94.2550215964516
1988,11,"1987-11-16",48.8588677020038,2.50467875167463,83,1987-12-12,1988-01-13,"No",1987,8129.33333333333,1548,9814.73333333333,24.9666666666667,5460,4291.03333333333,89.4031261546667,-4603.33333333333,1987-11-01,9509.03225806452,1369.67741935484,11024.7741935484,20.0322580645161,5935.29032258064,3761.25806451613,91.8251334154839
1988,12,"1987-12-11",48.348319904854,7.26217464002042,58,1987-12-12,1988-01-13,"No",1987,15743.8709677419,1278.06451612903,17201.5483870968,25,8986.25806451613,9454.09677419355,82.3597563180645,-7204.83870967742,1987-12-01,8129.33333333333,1548,9814.73333333333,24.9666666666667,5460,4291.03333333333,89.4031261546667
1989,1,"1989-01-05",38.597878401372,NA,1,1989-03-05,1989-03-23,"No",1989,12825.1612903226,1255.16129032258,14236.2580645161,25,10225.3548387097,3653.22580645161,90.1293266541935,-8186.24583479626,1989-01-01,12387.7419354839,1371.93548387097,13886.3548387097,25,7211.74193548387,7230.93548387097,86.0549456187097
1989,2,"1989-02-08",48.5011943733715,14.0054037600678,2,1989-03-05,1989-03-23,"No",1989,12057.1428571429,1233.92857142857,13511.3214285714,16.0714285714286,8227.96428571429,6378.53571428571,94.9332723971429,-6266.67857142857,1989-02-01,12825.1612903226,1255.16129032258,14236.2580645161,25,10225.3548387097,3653.22580645161,90.1293266541935
1989,3,"1989-03-08",57.0737996832113,7.25846506868235,5,1989-03-05,1989-03-23,"Yes",1989,43374.1935483871,2023.22580645161,47293.1935483871,427.129032258065,10283.9032258065,38928.3225806452,75.36035854,-7497.74193548387,1989-03-01,12057.1428571429,1233.92857142857,13511.3214285714,16.0714285714286,8227.96428571429,6378.53571428571,94.9332723971429
1989,4,"1989-04-19",54.4566675585437,0.0934478363970943,14,1989-03-05,1989-03-23,"Yes",1989,21273.3333333333,1915.33333333333,23897.8333333333,45.8333333333333,10568.4,11686.5,70.368483048,-8511.08148297871,1989-04-01,43374.1935483871,2023.22580645161,47293.1935483871,427.129032258065,10283.9032258065,38928.3225806452,75.36035854
1989,11,"1988-11-15",47.252507759183,3.87745696880271,22,1989-03-05,1989-03-23,"No",1988,11355.6666666667,1274.33333333333,12738.5333333333,24.9666666666667,6128.13333333333,6619.3,89.2359634173333,-5101.09574649139,1988-11-01,9314.1935483871,1126.58064516129,10518.8387096774,20.0322580645161,5716.06451612903,3141.64516129032,93.5275098680645
1989,12,"1988-12-13",47.9447098715817,4.11570189105165,19,1989-03-05,1989-03-23,"No",1988,12387.7419354839,1371.93548387097,13886.3548387097,25,7211.74193548387,7230.93548387097,86.0549456187097,-4570.14028252271,1988-12-01,11355.6666666667,1274.33333333333,12738.5333333333,24.9666666666667,6128.13333333333,6619.3,89.2359634173333
1990,3,"1990-03-05",56.3290714076493,21.5664791434748,3,1990-01-15,1990-01-17,"Yes",1990,12867.7419354839,1760.32258064516,15136.2580645161,25.9032258064516,10651.3548387097,3813.12903225806,87.7814993754839,-8591.73174480692,1990-03-01,13803.5714285714,1365.35714285714,15474.3928571429,20.2857142857143,10580.5357142857,6787.57142857143,84.1999650028571
1990,4,"1990-04-09",54.4910952201269,0.110845902430774,19,1990-01-15,1990-01-17,"Yes",1990,15271.3333333333,1309.33333333333,16966.6333333333,45.8,9784.86666666667,5922.76666666667,88.640611374,-7825.4143730581,1990-04-01,12867.7419354839,1760.32258064516,15136.2580645161,25.9032258064516,10651.3548387097,3813.12903225806,87.7814993754839
1990,11,"1989-11-13",48.7994355792433,3.24853624302355,136,1990-01-15,1990-01-17,"No",1989,14830,1404.33333333333,16503.4,24.9333333333333,10403.9,5477.8,88.4839194233333,-9460.66666666667,1989-11-01,14274.1935483871,1400.96774193548,15802.4838709677,16.9354838709677,10566.8709677419,4925.8064516129,95.1064947629032
1990,12,"1989-12-11",49.0638355222416,5.40437192048081,39,1990-01-15,1990-01-17,"No",1989,15396.7741935484,1381.29032258065,16944.9677419355,25,10465.1612903226,4399.16129032258,85.3844555545161,-8573.81343893595,1989-12-01,14830,1404.33333333333,16503.4,24.9333333333333,10403.9,5477.8,88.4839194233333
1991,1,"1991-01-09",53.1036361351663,8.98217918786603,156,1991-03-06,1991-03-22,"No",1991,8983.87096774194,816.290322580645,9894.32258064516,25,4952.16129032258,3972.93548387097,86.0875345254839,-3772.30179391967,1991-01-01,10818.3870967742,918.41935483871,11826.3225806452,25,5246.58064516129,6383.45161290323,84.2606827716129
1991,2,"1991-02-06",53.3962942669394,11.9973106843071,45,1991-03-06,1991-03-22,"No",1991,8133.21428571429,757.857142857143,8993.21428571429,16.0714285714286,4579.92857142857,7361.46428571429,84.8795022485714,-4005.75,1991-02-01,8983.87096774194,816.290322580645,9894.32258064516,25,4952.16129032258,3972.93548387097,86.0875345254839
1991,3,"1991-03-07",62.2111064624758,23.529485672819,45,1991-03-06,1991-03-22,"Yes",1991,25754.8387096774,1778.90322580645,29651.9032258065,892.806451612903,9809.77419354839,24579.3870967742,77.4136036683871,-7474.38709677419,1991-03-01,8133.21428571429,757.857142857143,8993.21428571429,16.0714285714286,4579.92857142857,7361.46428571429,84.8795022485714
1991,4,"1991-04-19",68.1901731104941,23.1596127448807,31,1991-03-06,1991-03-22,"Yes",1991,10879,1168.16666666667,12602.2666666667,45.7,7584.53333333333,3763.86666666667,86.1386909186667,-6458,1991-04-01,25754.8387096774,1778.90322580645,29651.9032258065,892.806451612903,9809.77419354839,24579.3870967742,77.4136036683871
1991,11,"1990-11-09",48.0502534290652,2.78265334775119,142,1991-03-06,1991-03-22,"No",1990,7722.66666666667,1115.33333333333,9065.23333333333,25.5666666666667,3919.9,4494.93333333333,89.0235217016667,-3317.06681665801,1990-11-01,7620.32258064516,993.193548387097,8863.06451612903,15,3641.51612903226,3405.09677419355,94.0885042532258
1991,12,"1990-12-10",53.6307584389154,12.2882160132207,16,1991-03-06,1991-03-22,"No",1990,10818.3870967742,918.41935483871,11826.3225806452,25,5246.58064516129,6383.45161290323,84.2606827716129,-4039.43701094755,1990-12-01,7722.66666666667,1115.33333333333,9065.23333333333,25.5666666666667,3919.9,4494.93333333333,89.0235217016667
1992,1,"1992-01-09",55.4041841502473,8.62896978917276,37,1992-02-14,1992-02-25,"No",1992,10440.9677419355,959.258064516129,11640.064516129,25,6432.03225806452,6413.38709677419,82.9930225432258,-5398.1935483871,1992-01-01,9259.35483870968,894.774193548387,10384.7741935484,25,3196.51612903226,7622.51612903226,85.53612267
1992,2,"1992-02-05",52.3530945665575,13.0552083919479,34,1992-02-14,1992-02-25,"No",1992,26061.3793103448,2090.75862068966,30479.1724137931,1043.1724137931,6123.37931034483,28758.8275862069,76.3848082896552,-3958.36206896552,1992-02-01,10440.9677419355,959.258064516129,11640.064516129,25,6432.03225806452,6413.38709677419,82.9930225432258
1992,3,"1992-03-17",63.6516223361948,29.4008716112289,49,1992-02-14,1992-02-25,"Yes",1992,20335.4838709677,1469.67741935484,22890.5483870968,264.967741935484,10481.1612903226,13282.6774193548,71.7984171445161,-8288.38709677419,1992-03-01,26061.3793103448,2090.75862068966,30479.1724137931,1043.1724137931,6123.37931034483,28758.8275862069,76.3848082896552
1992,4,"1992-04-14",54.2152820508265,5.93056866521051,59,1992-02-14,1992-02-25,"Yes",1992,9448.33333333333,1418.33333333333,11303.1,45.7666666666667,3164.66666666667,6258.43333333333,79.7878570163333,-2733.36105986039,1992-04-01,20335.4838709677,1469.67741935484,22890.5483870968,264.967741935484,10481.1612903226,13282.6774193548,71.7984171445161
1992,11,"1991-11-08",47.7068301569825,7.00237792851307,249,1992-02-14,1992-02-25,"No",1991,6958.33333333333,1084,8387.26666666667,32.8333333333333,3197.1,3909.33333333333,89.5922926143333,-2853.44156137379,1991-11-01,9398.06451612903,788.483870967742,10360.3870967742,40,5381.93548387097,3909.09677419355,90.5544560006452
1992,12,"1991-12-06",50.6258284144819,6.44989416389925,34,1992-02-14,1992-02-25,"No",1991,9259.35483870968,894.774193548387,10384.7741935484,25,3196.51612903226,7622.51612903226,85.53612267,-2821.03225806452,1991-12-01,6958.33333333333,1084,8387.26666666667,32.8333333333333,3197.1,3909.33333333333,89.5922926143333
1993,1,"1993-01-08",56.3371187385479,14.6790818751226,14,1992-12-13,1993-03-01,"Yes",1993,48261.2903225806,4120,64084.9032258065,8694.16129032258,11670.6774193548,57885.8709677419,70.6380760983871,-8014.1935483871,1993-01-01,12440.3225806452,981.516129032258,13836.3225806452,36.1290322580645,4095.41935483871,11602.7419354839,82.8461878083871
1993,2,"1993-02-08",54.2799453815218,21.3206477700379,13,1992-12-13,1993-03-01,"Yes",1993,48596.4285714286,3035.35714285714,61109.9285714286,7181.10714285714,9331.42857142857,55021.6428571429,60.4088443817857,-6473.91966601602,1993-02-01,48261.2903225806,4120,64084.9032258065,8694.16129032258,11670.6774193548,57885.8709677419,70.6380760983871
1993,3,"1993-03-15",76.8964231089673,29.6204781468267,59,1992-12-13,1993-03-01,"Yes",1993,49338.7096774194,2702.25806451613,67710.9032258065,13016.6129032258,6036.77419354839,63968.6129032258,58.3827172993548,-3668.1935483871,1993-03-01,48596.4285714286,3035.35714285714,61109.9285714286,7181.10714285714,9331.42857142857,55021.6428571429,60.4088443817857
1993,4,"1993-04-16",72.8531491528925,24.1721490847889,109,1992-12-13,1993-03-01,"Yes",1993,43213.3333333333,3420.66666666667,51317.9333333333,2583.76666666667,5757.36666666667,44295.9333333333,56.777360703,-3201.52333333333,1993-04-01,49338.7096774194,2702.25806451613,67710.9032258065,13016.6129032258,6036.77419354839,63968.6129032258,58.3827172993548
1993,11,"1992-11-06",49.3157747228273,4.05104216887782,51,1992-12-13,1993-03-01,"No",1992,6380,955.666666666667,7592.96666666667,24.9333333333333,2476.56666666667,4125.83333333333,87.7091545706667,-2261.23333333333,1992-11-01,6645.16129032258,848.677419354839,7712.38709677419,29.5161290322581,1928.22580645161,4350.48387096774,89.1637005645161
1993,12,"1992-12-11",53.9345912083526,10.1698587900005,25,1992-12-13,1993-03-01,"No",1992,12440.3225806452,981.516129032258,13836.3225806452,36.1290322580645,4095.41935483871,11602.7419354839,82.8461878083871,-3424.53870967742,1992-12-01,6380,955.666666666667,7592.96666666667,24.9333333333333,2476.56666666667,4125.83333333333,87.7091545706667
1994,1,"1994-01-19",55.0181941646272,3.68320790513084,994,1993-12-13,1994-01-14,"Yes",1994,14190.3225806452,1772.90322580645,16317.4193548387,25,5910.93548387097,10787.1612903226,77.1572476141936,-3888.17988486372,1994-01-01,20341.935483871,1628.06451612903,22454.8064516129,25,10576.4193548387,12360.8387096774,78.4173534177419
1994,2,"1994-02-14",55.2713056585986,4.72904691081945,875,1993-12-13,1994-01-14,"Yes",1994,20196.4285714286,1987.14285714286,22903.1785714286,224.321428571429,5918.89285714286,20557.0357142857,72.7093377921429,-3836.78295586568,1994-02-01,14190.3225806452,1772.90322580645,16317.4193548387,25,5910.93548387097,10787.1612903226,77.1572476141936
1994,3,"1994-03-11",55.6204036637615,5.61296635136353,567,1993-12-13,1994-01-14,"Yes",1994,13460.6451612903,2205.8064516129,16108.4516129032,19,4360.90322580645,10595.0967741935,72.7349561877419,-2463.0395424143,1994-03-01,20196.4285714286,1987.14285714286,22903.1785714286,224.321428571429,5918.89285714286,20557.0357142857,72.7093377921429
1994,4,"1994-04-06",53.6716376552738,7.60417707142491,168,1993-12-13,1994-01-14,"Yes",1994,8435,1862.66666666667,10866.3666666667,35.7666666666667,2097.86666666667,8149.66666666667,78.225325137,-1449.79581797409,1994-04-01,13460.6451612903,2205.8064516129,16108.4516129032,19,4360.90322580645,10595.0967741935,72.7349561877419
1994,11,"1993-11-08",54.5212212735832,1.76649666720838,1348,1993-12-13,1994-01-14,"No",1993,12093.3333333333,1759,14369.2666666667,24.7,7024.3,7380.6,84.136331686,-5333.90167941017,1993-11-01,13819.3548387097,3040.64516129032,17386.1935483871,20.0322580645161,10967.8709677419,5117.83870967742,84.722894636129
1994,12,"1993-12-08",54.4039981181364,4.58954302111122,386,1993-12-13,1994-01-14,"No",1993,20341.935483871,1628.06451612903,22454.8064516129,25,10576.4193548387,12360.8387096774,78.4173534177419,-8465.28142003427,1993-12-01,12093.3333333333,1759,14369.2666666667,24.7,7024.3,7380.6,84.136331686
1995,1,"1995-01-09",54.6100776029288,3.50988862583777,807,1994-12-06,1995-03-05,"Yes",1995,62209.6774193548,4599.35483870968,112460.258064516,41438.5161290323,11766.5806451613,107487.483870968,68.8981722658065,-7492.90322580645,1995-01-01,16371.2903225806,1294.83870967742,18153.3548387097,24.6774193548387,7589.83870967742,9629.48387096774,82.0734662929032
1995,2,"1995-02-21",54.6559362593921,6.12855488514513,178,1994-12-06,1995-03-05,"Yes",1995,58182.1428571429,6559.28571428571,82108.3928571429,15151.3214285714,8897.89285714286,72835.9642857143,53.8956289385714,-4271.60714285714,1995-02-01,62209.6774193548,4599.35483870968,112460.258064516,41438.5161290323,11766.5806451613,107487.483870968,68.8981722658065
1995,3,"1995-03-08",54.8923442190716,9.08029187991495,205,1994-12-06,1995-03-05,"Yes",1995,71922.5806451613,14611.935483871,196793.870967742,101951.774193548,2985.1935483871,200644.903225806,50.8340776841935,5115.90322580645,1995-03-01,58182.1428571429,6559.28571428571,82108.3928571429,15151.3214285714,8897.89285714286,72835.9642857143,53.8956289385714
1995,4,"1995-04-19",54.692345733577,6.5258620633525,169,1994-12-06,1995-03-05,"Yes",1995,61436.6666666667,19933.3333333333,95321.3666666667,8980.63333333333,3603.83333333333,90836.9,47.679706957,6954.33333333333,1995-04-01,71922.5806451613,14611.935483871,196793.870967742,101951.774193548,2985.1935483871,200644.903225806,50.8340776841935
1995,11,"1994-11-28",55.4939458658752,7.86876666335871,203,1994-12-06,1995-03-05,"No",1994,9488.66666666667,1287.66666666667,11097.7,25,6228.26666666667,5356.16666666667,87.462753513,-5004,1994-11-01,8255.16129032258,1369.54838709677,9883,24.2903225806452,5485.48387096774,3217.1935483871,88.3476925945161
1995,12,"1994-12-15",54.572574167496,1.08247518654185,1534,1994-12-06,1995-03-05,"Yes",1994,16371.2903225806,1294.83870967742,18153.3548387097,24.6774193548387,7589.83870967742,9629.48387096774,82.0734662929032,-6047.19958536477,1994-12-01,9488.66666666667,1287.66666666667,11097.7,25,6228.26666666667,5356.16666666667,87.462753513
1996,1,"1996-01-15",54.464067194542,1.37845279814366,5911,1995-12-22,1996-03-01,"Yes",1996,32867.7419354839,2430.64516129032,39664.7419354839,2356.77419354839,10092.3548387097,32144.3548387097,69.0655086193548,-7256.12903225806,1996-01-01,24570.9677419355,2250.32258064516,28431.9032258065,1033.1935483871,4522.77419354839,27709.0322580645,73.1897372264516
1996,2,"1996-02-07",57.5118474487361,9.03005789024765,557,1995-12-22,1996-03-01,"Yes",1996,75272.4137931034,11472.7586206897,129684.275862069,36525.9655172414,6656.96551724138,126912.482758621,55.6413131668966,142.137931034483,1996-02-01,32867.7419354839,2430.64516129032,39664.7419354839,2356.77419354839,10092.3548387097,32144.3548387097,69.0655086193548
1996,3,"1996-03-25",57.258236173488,10.6504100485915,1817,1995-12-22,1996-03-01,"Yes",1996,56235.4838709677,15070.9677419355,91804.2580645161,15392.1935483871,3580.64516129032,89147.8064516129,49.7859441635484,-4570.14028252271,1996-03-01,75272.4137931034,11472.7586206897,129684.275862069,36525.9655172414,6656.96551724138,126912.482758621,55.6413131668966
1996,4,"1996-04-21",54.4920438516459,2.08108979612059,2413,1995-12-22,1996-03-01,"Yes",1996,35983.3333333333,7500.33333333333,47711.5333333333,1448.56666666667,4353.23333333333,42032.4,56.5235318413333,-307.788197804797,1996-04-01,56235.4838709677,15070.9677419355,91804.2580645161,15392.1935483871,3580.64516129032,89147.8064516129,49.7859441635484
1996,11,"1995-11-09",54.5838181270074,2.84088677637785,1261,1995-12-22,1996-03-01,"No",1995,12610,2428.33333333333,15739.2666666667,20,5625.9,8383.36666666667,79.4947329166667,-3573.86431045965,1995-11-01,14145.1612903226,5691.93548387097,20681.6451612903,20.0322580645161,7445.77419354839,11371.3548387097,71.8703145158065
1996,12,"1995-12-13",54.740641113953,4.25531243402283,879,1995-12-22,1996-03-01,"No",1995,24570.9677419355,2250.32258064516,28431.9032258065,1033.1935483871,4522.77419354839,27709.0322580645,73.1897372264516,-2644.25510222507,1995-12-01,12610,2428.33333333333,15739.2666666667,20,5625.9,8383.36666666667,79.4947329166667
1997,1,"1997-01-18",63.9473638034846,15.2202101680828,13,1996-12-06,1997-01-21,"Yes",1997,87109.6774193548,30377.4193548387,262990.225806452,127166.677419355,2742.22580645161,262461.483870968,46.5167741935484,22271.1438160623,1997-01-01,58419.3548387097,12191.6129032258,88286.7741935484,9692.12903225806,7778.41935483871,84409.8709677419,67.47
1997,2,"1997-02-18",58.4107126314584,10.1420011773567,27,1996-12-06,1997-01-21,"Yes",1997,57328.5714285714,35057.1428571429,121381.785714286,20808.2142857143,2356.39285714286,118675.892857143,44.8117857142857,20630.7142857143,1997-02-01,87109.6774193548,30377.4193548387,262990.225806452,127166.677419355,2742.22580645161,262461.483870968,46.5167741935484
1997,3,"1997-03-11",62.1893182920567,17.8420910761868,126,1996-12-06,1997-01-21,"Yes",1997,24467.7419354839,13034.5161290323,40907.935483871,423.935483870968,7068.77419354839,33774.8709677419,55.6448387096774,969.008616600059,1997-03-01,57328.5714285714,35057.1428571429,121381.785714286,20808.2142857143,2356.39285714286,118675.892857143,44.8117857142857
1997,4,"1997-04-22",57.0132488270398,20.9571942859617,57,1996-12-06,1997-01-21,"Yes",1997,13493.3333333333,4728.33333333333,20306.8333333333,449.7,4741.53333333333,14212.8666666667,68.5253333333333,-3661.73333333333,1997-04-01,24467.7419354839,13034.5161290323,40907.935483871,423.935483870968,7068.77419354839,33774.8709677419,55.6448387096774
1997,11,"1996-11-14",52.8072068865033,7.27375079692177,184,1996-12-06,1997-01-21,"No",1996,15500,2715,19074.4,63.2666666666667,10119.2333333333,10035.4333333333,82.0326666666667,-7870,1996-11-01,12690.3225806452,2690.64516129032,16027.064516129,191.258064516129,9915.25806451613,4768.96774193548,84.7970967741935
1997,12,"1996-12-09",55.4976402710014,4.83465546401697,954,1996-12-06,1997-01-21,"Yes",1996,58419.3548387097,12191.6129032258,88286.7741935484,9692.12903225806,7778.41935483871,84409.8709677419,67.47,-1411.04838709677,1996-12-01,15500,2715,19074.4,63.2666666666667,10119.2333333333,10035.4333333333,82.0326666666667
1998,1,"1998-01-09",55.3744032308068,5.40982686804517,452,1997-11-30,1998-02-28,"Yes",1998,51783.8709677419,6025.16129032258,73115.2903225807,12890.8064516129,7268,68871.4838709677,69.0325806451613,-3268.87741935484,1998-01-01,22009.6774193548,2116.45161290323,25365.2580645161,490.483870967742,11044.6129032258,14613.6774193548,74.2554838709677
1998,2,"1998-02-20",54.255482204289,1.29793800932175,34,1997-11-30,1998-02-28,"Yes",1998,81367.8571428571,28121.4285714286,221152.5,102083.071428571,3321,224704.035714286,48.775,13019.7142857143,1998-02-01,51783.8709677419,6025.16129032258,73115.2903225807,12890.8064516129,7268,68871.4838709677,69.0325806451613
1998,3,"1998-03-09",63.4130122876811,17.5418134288201,216,1997-11-30,1998-02-28,"Yes",1998,63829.0322580645,19351.6129032258,106097.774193548,18120.2258064516,2274.29032258065,104584.387096774,47.1087096774194,8189.35483870968,1998-03-01,81367.8571428571,28121.4285714286,221152.5,102083.071428571,3321,224704.035714286,48.775
1998,4,"1998-04-20",55.4239859189344,6.07255479165438,229,1997-11-30,1998-02-28,"Yes",1998,57683.3333333333,21936.6666666667,90775.8666666667,7128.2,1729.86666666667,88661.2333333333,49.356,9883.66666666667,1998-04-01,63829.0322580645,19351.6129032258,106097.774193548,18120.2258064516,2274.29032258065,104584.387096774,47.1087096774194
1998,11,"1997-11-12",53.650505844149,6.35798619958862,171,1997-11-30,1998-02-28,"No",1997,14793.3333333333,1980.66666666667,17382.8666666667,99.2666666666667,9297.9,10013.5333333333,83.222,-6833.98059585561,1997-11-01,12009.0322580645,2705.8064516129,15220.7419354839,198.290322580645,8825.8064516129,4842,86.2383870967742
1998,12,"1997-12-17",55.227847273861,3.94312843441949,1432,1997-11-30,1998-02-28,"Yes",1997,22009.6774193548,2116.45161290323,25365.2580645161,490.483870967742,11044.6129032258,14613.6774193548,74.2554838709677,-8471.61290322581,1997-12-01,14793.3333333333,1980.66666666667,17382.8666666667,99.2666666666667,9297.9,10013.5333333333,83.222
1999,1,"1999-01-11",54.621860178448,1.73878169457793,1744,1998-11-24,1999-02-19,"Yes",1999,34503.2258064516,4730.32258064516,41662.935483871,47.7096774193548,4602.29032258064,38021.7096774194,64.0035483870968,-1685.35325878241,1999-01-01,44374.1935483871,4330.96774193548,50709.2903225806,585.838709677419,2348.58064516129,47241.2903225806,62.3503225806452
1999,2,"1999-02-10",56.5062340308978,7.37936063423362,333,1998-11-24,1999-02-19,"Yes",1999,67146.4285714286,11696.4285714286,100874.821428571,14267.8928571429,5357.28571428571,98804.3571428571,56.0571428571429,1110.32392857143,1999-02-01,34503.2258064516,4730.32258064516,41662.935483871,47.7096774193548,4602.29032258064,38021.7096774194,64.0035483870968
1999,3,"1999-03-15",55.5591273314743,8.95073945842192,449,1998-11-24,1999-02-19,"Yes",1999,56838.7096774194,8331.61290322581,76706.6774193548,8191.06451612903,7198.58064516129,69107.1290322581,52.4196774193548,-2124.66624616642,1999-03-01,67146.4285714286,11696.4285714286,100874.821428571,14267.8928571429,5357.28571428571,98804.3571428571,56.0571428571429
1999,4,"1999-04-14",55.9739695729748,8.2058011422023,894,1998-11-24,1999-02-19,"Yes",1999,30676.6666666667,6437,41296.4,1741.06666666667,4918.53333333333,35493.8,58.732,-1633.35655714788,1999-04-01,56838.7096774194,8331.61290322581,76706.6774193548,8191.06451612903,7198.58064516129,69107.1290322581,52.4196774193548
1999,11,"1998-11-14",55.6330409579122,6.87030126214524,373,1998-11-24,1999-02-19,"No",1998,20920,3289.66666666667,24896.7333333333,206.3,4620.5,20569.7666666667,73.2596666666667,-2411.81666666667,1998-11-01,15758.064516129,6153.22580645161,22681.1290322581,202.387096774194,9349.35483870968,12297.3870967742,71.6025806451613
1999,12,"1998-12-24",55.4826776647215,4.13803331238714,1325,1998-11-24,1999-02-19,"Yes",1998,44374.1935483871,4330.96774193548,50709.2903225806,585.838709677419,2348.58064516129,47241.2903225806,62.3503225806452,-113.12040871941,1998-12-01,20920,3289.66666666667,24896.7333333333,206.3,4620.5,20569.7666666667,73.2596666666667
2000,1,"2000-01-10",54.7776210062543,2.95738635365232,1922,2000-01-22,2000-03-06,"No",2000,24338.7096774194,2136.12903225806,28447.1612903226,458.548387096774,9885.64516129032,21545.5806451613,78.4161290322581,-7390.64516129032,2000-01-01,16548.3870967742,1688.38709677419,18642.6451612903,33.6129032258064,6427.32258064516,10467.2903225806,79.0738709677419
2000,2,"2000-02-08",59.6078941680558,11.4987456646456,352,2000-01-22,2000-03-06,"Yes",2000,62372.4137931034,7558.62068965517,100024.206896552,23577.9310344828,11677,94092.275862069,62.1148275862069,-6536.62068965517,2000-02-01,24338.7096774194,2136.12903225806,28447.1612903226,458.548387096774,9885.64516129032,21545.5806451613,78.4161290322581
2000,3,"2000-03-09",59.0067626035549,11.7326662921475,413,2000-01-22,2000-03-06,"Yes",2000,58561.2903225806,12097.7419354839,97021.6129032258,22249.3870967742,9118.58064516129,87838.3548387097,51.6358064516129,-2140.25161290323,2000-03-01,62372.4137931034,7558.62068965517,100024.206896552,23577.9310344828,11677,94092.275862069,62.1148275862069
2000,4,"2000-04-09",57.0987535782541,10.7237800877618,267,2000-01-22,2000-03-06,"Yes",2000,26640,5012.66666666667,33442.6,552.233333333333,5513.5,27294.3,61.5383333333333,-4253.6,2000-04-01,58561.2903225806,12097.7419354839,97021.6129032258,22249.3870967742,9118.58064516129,87838.3548387097,51.6358064516129
2000,11,"1999-11-10",54.9183011146239,4.87995563531501,565,2000-01-22,2000-03-06,"No",1999,13843.3333333333,2158,16457.6333333333,54,9519.16666666667,6804.16666666667,83.7253333333333,-7050.94486184467,1999-11-01,12380.6451612903,2531.93548387097,15417.6451612903,204.096774193548,9412.64516129032,4280.09677419355,86.2406451612903
2000,12,"1999-12-16",54.1730125306521,3.67852000702849,2777,2000-01-22,2000-03-06,"No",1999,16548.3870967742,1688.38709677419,18642.6451612903,33.6129032258064,6427.32258064516,10467.2903225806,79.0738709677419,-5155.13410458567,1999-12-01,13843.3333333333,2158,16457.6333333333,54,9519.16666666667,6804.16666666667,83.7253333333333
2001,1,"2001-01-19",55.3815860072348,4.94837698824064,733,2001-01-29,2001-03-04,"No",2001,17190.3225806452,2441.61290322581,20362.9677419355,241,6718.96774193548,15211.4516129032,79.6516129032258,-4592.71279791386,2001-01-01,13670.9677419355,2238.06451612903,16342.7741935484,43.2258064516129,8768.29032258065,5996.61290322581,83.8558064516129
2001,2,"2001-02-06",54.6344336028412,7.59414299854564,636,2001-01-29,2001-03-04,"Yes",2001,20867.8571428571,3092.14285714286,25724.7142857143,870.642857142857,8371,19567.9285714286,74.4153571428571,-6080.71428571429,2001-02-01,17190.3225806452,2441.61290322581,20362.9677419355,241,6718.96774193548,15211.4516129032,79.6516129032258
2001,3,"2001-03-14",56.3376055313953,11.3339524975955,161,2001-01-29,2001-03-04,"Yes",2001,24696.7741935484,3430.32258064516,31025.5161290323,1920.29032258065,7945.22580645161,23427.3870967742,67.7674193548387,-5374.09822810576,2001-03-01,20867.8571428571,3092.14285714286,25724.7142857143,870.642857142857,8371,19567.9285714286,74.4153571428571
2001,4,"2001-04-08",61.7219830791911,18.8510371840386,58,2001-01-29,2001-03-04,"Yes",2001,12306,3008,16411.7,281.766666666667,4283.4,12219.0666666667,73.7946666666667,-2976.19243557755,2001-04-01,24696.7741935484,3430.32258064516,31025.5161290323,1920.29032258065,7945.22580645161,23427.3870967742,67.7674193548387
2001,11,"2000-11-14",54.4228098914479,4.78852124402032,355,2001-01-29,2001-03-04,"No",2000,12283.3333333333,2525.66666666667,15253.0666666667,43.3,9451.1,4742.9,85.037,-8135,2000-11-01,11683.8709677419,2826.12903225806,15034.8064516129,133,9397.70967741935,5736.58064516129,86.901935483871
2001,12,"2000-12-08",54.0021132878968,7.20781636233653,398,2001-01-29,2001-03-04,"No",2000,13670.9677419355,2238.06451612903,16342.7741935484,43.2258064516129,8768.29032258065,5996.61290322581,83.8558064516129,-6686.23953300486,2000-12-01,12283.3333333333,2525.66666666667,15253.0666666667,43.3,9451.1,4742.9,85.037
2002,1,"2002-01-08",54.5421053589446,7.6056138396167,396,2001-12-04,2002-01-06,"Yes",2002,38270.9677419355,2661.61290322581,48946.1612903226,6523.03225806452,10839.2903225806,38731.4193548387,64.1893548387097,-8328.87648798382,2002-01-01,27377.4193548387,2063.54838709677,32056.8709677419,1858.48387096774,9876.35483870968,24737.2580645161,73.6022580645161
2002,2,"2002-02-05",53.2544013703321,6.6881672959059,460,2001-12-04,2002-01-06,"Yes",2002,18175,1897.5,20926.1071428571,52.3214285714286,8769.28571428571,12029.6785714286,72.3617857142857,-7323.12792775145,2002-02-01,38270.9677419355,2661.61290322581,48946.1612903226,6523.03225806452,10839.2903225806,38731.4193548387,64.1893548387097
2002,3,"2002-03-05",56.921100853188,11.0656555116155,284,2001-12-04,2002-01-06,"Yes",2002,21322.5806451613,2133.54838709677,24638.8709677419,59.6774193548387,8280.54838709677,16982.1290322581,71.6641935483871,-6640.81168908053,2002-03-01,18175,1897.5,20926.1071428571,52.3214285714286,8769.28571428571,12029.6785714286,72.3617857142857
2002,4,"2002-04-15",55.5043777053908,13.9390149468094,34,2001-12-04,2002-01-06,"Yes",2002,14476.6666666667,2598.33333333333,18256.1,296.266666666667,4561.1,11943.2333333333,73.4453333333333,-7905.55414379175,2002-04-01,21322.5806451613,2133.54838709677,24638.8709677419,59.6774193548387,8280.54838709677,16982.1290322581,71.6641935483871
2002,11,"2001-11-13",54.706258052039,5.03392568963942,82,2001-12-04,2002-01-06,"No",2001,12303,2096,14754.2333333333,38.1666666666667,7141.5,8213,84.633,-6362.92569485388,2001-11-01,8370.32258064516,2002.58064516129,10742.2903225806,168.709677419355,4764.51612903226,4275.58064516129,88.0764516129032
2002,12,"2001-12-11",52.6023712288358,6.28987269617317,97,2001-12-04,2002-01-06,"Yes",2001,27377.4193548387,2063.54838709677,32056.8709677419,1858.48387096774,9876.35483870968,24737.2580645161,73.6022580645161,-8291.97229124285,2001-12-01,12303,2096,14754.2333333333,38.1666666666667,7141.5,8213,84.633
2003,1,"2003-01-13",55.1035335995214,5.08750073022872,227,2002-12-17,2003-01-29,"Yes",2003,51935.4838709677,1912.90322580645,62029.0967741935,7608.41935483871,10255.2580645161,51440.935483871,62.5335483870968,-7845.99543866844,2003-01-01,29130,1988.38709677419,34398.6774193548,2667.83870967742,7580.48387096774,28885.8064516129,79.6032258064516
2003,2,"2003-02-20",55.959166014101,7.79339591928448,425,2002-12-17,2003-01-29,"Yes",2003,36085.7142857143,1878.92857142857,40335.0714285714,1863.21428571429,10945.3928571429,29622.8571428571,62.2960714285714,-9086.56545988295,2003-02-01,51935.4838709677,1912.90322580645,62029.0967741935,7608.41935483871,10255.2580645161,51440.935483871,62.5335483870968
2003,3,"2003-03-18",61.3121392916121,15.2695046953617,460,2002-12-17,2003-01-29,"Yes",2003,22922.5806451613,2193.22580645161,26640.1935483871,936.838709677419,10855.9677419355,15779.6129032258,68.5129032258065,-8594.10318132457,2003-03-01,36085.7142857143,1878.92857142857,40335.0714285714,1863.21428571429,10945.3928571429,29622.8571428571,62.2960714285714
2003,4,"2003-04-14",55.1153236520831,15.0710242666923,119,2002-12-17,2003-01-29,"Yes",2003,21586.6666666667,2667.66666666667,26890.5,1335.33333333333,4784.46666666667,22053.8666666667,71.004,-4303.59804014348,2003-04-01,22922.5806451613,2193.22580645161,26640.1935483871,936.838709677419,10855.9677419355,15779.6129032258,68.5129032258065
2003,11,"2002-11-06",53.0325443554592,5.12639865673874,89,2002-12-17,2003-01-29,"No",2002,11746.3333333333,1714.66666666667,13829.1,43.2,6943.23333333333,7333.1,84.4346666666667,-5101.09574649139,2002-11-01,9891.29032258065,1704.83870967742,12030.2903225806,193.193548387097,5980.74193548387,4203.25806451613,86.5829032258064
2003,12,"2002-12-22",55.4353506006889,5.6912297038972,251,2002-12-17,2003-01-29,"Yes",2002,29130,1988.38709677419,34398.6774193548,2667.83870967742,7580.48387096774,28885.8064516129,79.6032258064516,-4570.14028252271,2002-12-01,11746.3333333333,1714.66666666667,13829.1,43.2,6943.23333333333,7333.1,84.4346666666667
2004,1,"2004-01-27",54.3514044312642,8.5024705590332,1060,2003-12-14,2004-02-21,"Yes",2004,36767.7419354839,1791.93548387097,42819.1290322581,3527.51612903226,11420.1935483871,32138.1935483871,65.1393548387097,-9242.59311249551,2004-01-01,27787.0967741935,1502.58064516129,31155.2258064516,1321.8064516129,8533.54838709677,23855.6451612903,76.3441935483871
2004,2,"2004-02-17",52.4693934418882,9.00646481407487,481,2003-12-14,2004-02-21,"Yes",2004,44420.6896551724,2201.37931034483,75737.2413793103,27842.9310344828,10577.1034482759,68091.275862069,65.5927586206897,-8132.74555334089,2004-02-01,36767.7419354839,1791.93548387097,42819.1290322581,3527.51612903226,11420.1935483871,32138.1935483871,65.1393548387097
2004,3,"2004-03-09",55.0049308921256,13.602318325589,316,2003-12-14,2004-02-21,"Yes",2004,46706.4516129032,3360.64516129032,68153.3225806452,16885.1290322581,11109.6451612903,56299.5483870968,56.6948387096774,-4570.14028252271,2004-03-01,44420.6896551724,2201.37931034483,75737.2413793103,27842.9310344828,10577.1034482759,68091.275862069,65.5927586206897
2004,4,"2004-04-08",53.2043128650878,16.453735183453,125,2003-12-14,2004-02-21,"Yes",2004,23793.3333333333,2750.66666666667,27799.8666666667,408.933333333333,4459.03333333333,22006.5,64.6463333333333,-7905.55414379175,2004-04-01,46706.4516129032,3360.64516129032,68153.3225806452,16885.1290322581,11109.6451612903,56299.5483870968,56.6948387096774
2004,11,"2003-11-04",50.1127223604489,6.37352783835135,44,2003-12-14,2004-02-21,"No",2003,12450,1647,14485.4333333333,42.7666666666667,8260.16666666667,6625.46666666667,84.31,-5101.09574649139,2003-11-01,11004.8387096774,1999.03225806452,13465.6774193548,175.354838709677,7312.45161290323,4304.67741935484,88.1974193548387
2004,12,"2003-12-04",57.6756100914601,8.77631486056332,96,2003-12-14,2004-02-21,"No",2003,27787.0967741935,1502.58064516129,31155.2258064516,1321.8064516129,8533.54838709677,23855.6451612903,76.3441935483871,-4570.14028252271,2003-12-01,12450,1647,14485.4333333333,42.7666666666667,8260.16666666667,6625.46666666667,84.31
2005,1,"2005-01-27",55.3214228719272,6.5784360109498,318,2004-12-12,2005-02-13,"Yes",2005,33680.6451612903,4918.06451612903,43588.064516129,3520.61290322581,12152.6451612903,33624,69.5316129032258,-7845.99543866844,2005-01-01,17745.1612903226,1578.06451612903,20136.6451612903,271.032258064516,8144.16129032258,12451.1935483871,81.0432258064516
2005,2,"2005-02-24",58.9309195745649,7.46935712706562,345,2004-12-12,2005-02-13,"Yes",2005,24875,5303.21428571429,32783.4642857143,1140.53571428571,9033.14285714286,24932.9285714286,67.5128571428571,-4797.16111275274,2005-02-01,33680.6451612903,4918.06451612903,43588.064516129,3520.61290322581,12152.6451612903,33624,69.5316129032258
2005,3,"2005-03-07",62.5371073569761,13.4729366370625,189,2004-12-12,2005-02-13,"Yes",2005,30367.7419354839,8064.83870967742,44084.9677419355,1999.54838709677,7052.1935483871,38557.9677419355,64.3935483870968,-1838.00424269787,2005-03-01,24875,5303.21428571429,32783.4642857143,1140.53571428571,9033.14285714286,24932.9285714286,67.5128571428571
2005,4,"2005-04-15",60.7122434599802,9.88415119346049,149,2004-12-12,2005-02-13,"Yes",2005,22133.3333333333,10060.6666666667,36306.7666666667,1096.73333333333,6137.23333333333,29903.0333333333,62.2496666666667,-152.04727309205,2005-04-01,30367.7419354839,8064.83870967742,44084.9677419355,1999.54838709677,7052.1935483871,38557.9677419355,64.3935483870968
2005,11,"2004-11-22",53.5800098013236,4.35570461560657,145,2004-12-12,2005-02-13,"No",2004,12250,1631.66666666667,14250.8666666667,25.2333333333333,8278.46666666667,6708.16666666667,80.6286666666667,-6706.13472454497,2004-11-01,12606.4516129032,1752.90322580645,14696.1935483871,115.967741935484,7337.58064516129,8517.38709677419,84.0406451612903
2005,12,"2004-12-12",54.5413178325159,3.20163172893197,223,2004-12-12,2005-02-13,"Yes",2004,17745.1612903226,1578.06451612903,20136.6451612903,271.032258064516,8144.16129032258,12451.1935483871,81.0432258064516,-4570.14028252271,2004-12-01,12250,1631.66666666667,14250.8666666667,25.2333333333333,8278.46666666667,6708.16666666667,80.6286666666667
2006,1,"2006-01-19",59.9324557598246,11.4277996654755,117,2005-12-05,2006-02-19,"Yes",2006,66151.6129032258,13171.2903225806,150834.032258065,65711.0967741935,7249.67741935484,145921.064516129,54.6561290322581,-7845.99543866844,2006-01-01,35458.064516129,3521.29032258065,51544,10546.6774193548,10886.9032258065,42829,78.7848387096774
2006,2,"2006-02-17",59.2871105043204,12.4063565566499,301,2005-12-05,2006-02-19,"Yes",2006,48921.4285714286,6457.5,61520.75,3661.75,9421.78571428571,52129.1071428571,55.0807142857143,-4992.0563509964,2006-02-01,66151.6129032258,13171.2903225806,150834.032258065,65711.0967741935,7249.67741935484,145921.064516129,54.6561290322581
2006,3,"2006-03-16",59.0514261278332,11.2769403880529,226,2005-12-05,2006-02-19,"Yes",2006,67412.9032258065,11704.8387096774,118329.161290323,35271.4193548387,6085,115393.322580645,52.7070967741935,551.392580645161,2006-03-01,48921.4285714286,6457.5,61520.75,3661.75,9421.78571428571,52129.1071428571,55.0807142857143
2006,4,"2006-04-12",63.0122210055173,10.2287779491331,126,2005-12-05,2006-02-19,"Yes",2006,77646.6666666667,27936.6666666667,181548.6,63938.1333333333,3554.83333333333,179437.633333333,45.9526666666667,12837,2006-04-01,67412.9032258065,11704.8387096774,118329.161290323,35271.4193548387,6085,115393.322580645,52.7070967741935
2006,11,"2005-11-02",53.5269971162698,8.0802210589985,12,2005-12-05,2006-02-19,"No",2005,13386.6666666667,2038.33333333333,16228.8333333333,63.2,9727.93333333333,5008.66666666667,86.392,-8316.33333333333,2005-11-01,14074.1935483871,2618.70967741935,17240.6129032258,163.064516129032,10925.2258064516,4467.1935483871,83.5470967741935
2006,12,"2005-12-09",53.6029899354358,3.1602736574158,89,2005-12-05,2006-02-19,"Yes",2005,35458.064516129,3521.29032258065,51544,10546.6774193548,10886.9032258065,42829,78.7848387096774,-8057.41935483871,2005-12-01,13386.6666666667,2038.33333333333,16228.8333333333,63.2,9727.93333333333,5008.66666666667,86.392
2007,1,"2007-01-19",55.8805024331612,5.69998601446852,385,2006-12-31,2007-02-27,"Yes",2007,13822.5806451613,2587.09677419355,17030.6129032258,67.5161290322581,7891.96774193548,8242.70967741935,79.0074193548387,-5045.93548387097,2007-01-01,16951.6129032258,2354.1935483871,19973.7096774194,97.3225806451613,10833.2258064516,9019.35483870968,83.081935483871
2007,2,"2007-02-07",60.0689594778432,8.0171725855003,217,2006-12-31,2007-02-27,"Yes",2007,22700,2533.57142857143,26707.3214285714,437.821428571429,6979.42857142857,21234.4285714286,75.175,-4075.96428571429,2007-02-01,13822.5806451613,2587.09677419355,17030.6129032258,67.5161290322581,7891.96774193548,8242.70967741935,79.0074193548387
2007,3,"2007-03-09",58.745243687057,6.38346864841614,147,2006-12-31,2007-02-27,"Yes",2007,18322.5806451613,2554.83870967742,21945.8387096774,161.709677419355,7282.03225806452,14003.9677419355,71.4016129032258,-4585.96774193548,2007-03-01,22700,2533.57142857143,26707.3214285714,437.821428571429,6979.42857142857,21234.4285714286,75.175
2007,4,"2007-04-05",62.8452318417492,7.01568433960839,110,2006-12-31,2007-02-27,"Yes",2007,13631,2225.33333333333,16965.9666666667,453.566666666667,4878.5,11306.2333333333,75.173,-3618.43333333333,2007-04-01,18322.5806451613,2554.83870967742,21945.8387096774,161.709677419355,7282.03225806452,14003.9677419355,71.4016129032258
2007,11,"2006-11-16",57.9817846268294,8.49754045582524,11,2006-12-31,2007-02-27,"No",2006,12146.6666666667,2538,15370.8333333333,57.8,9631.8,5230.6,86.091,-7113.66666666667,2006-11-01,11721.6129032258,3850.64516129032,16134.2903225806,149.096774193548,10595.1935483871,3987.54838709677,83.6422580645161
2007,12,"2006-12-18",57.3665678007858,7.90625538915086,12,2006-12-31,2007-02-27,"No",2006,16951.6129032258,2354.1935483871,19973.7096774194,97.3225806451613,10833.2258064516,9019.35483870968,83.081935483871,-8007.41935483871,2006-12-01,12146.6666666667,2538,15370.8333333333,57.8,9631.8,5230.6,86.091
2008,1,"2008-01-09",54.5248608015608,8.04443324726969,175,2008-01-07,2008-02-05,"Yes",2008,22480.6451612903,2319.35483870968,26831.1935483871,1451,6132.45161290323,24560.064516129,74.8977419354839,-3702.27419354839,2008-01-01,12121.2903225806,1502.58064516129,14015.6129032258,90.9032258064516,6728.22580645161,7185.58064516129,85.7477419354839
2008,2,"2008-02-04",60.8454500457574,6.92934311305063,47,2008-01-07,2008-02-05,"Yes",2008,26306.8965517241,2369.31034482759,30604.275862069,1269.27586206897,7035.27586206897,24128.1724137931,68.3144827586207,-4226.20689655172,2008-02-01,22480.6451612903,2319.35483870968,26831.1935483871,1451,6132.45161290323,24560.064516129,74.8977419354839
2008,3,"2008-03-10",62.2637238050691,9.19823635520527,77,2008-01-07,2008-02-05,"Yes",2008,13703.2258064516,2115.48387096774,17015.0322580645,596.516129032258,3591.83870967742,12220.1935483871,71.2751612903226,-1937.03548387097,2008-03-01,26306.8965517241,2369.31034482759,30604.275862069,1269.27586206897,7035.27586206897,24128.1724137931,68.3144827586207
2008,4,"2008-04-10",61.6730069408037,15.0244067045515,28,2008-01-07,2008-02-05,"Yes",2008,10192.3333333333,2408.66666666667,13760.7333333333,499.8,2430.93333333333,9540,76.517,-1151.13033333333,2008-04-01,13703.2258064516,2115.48387096774,17015.0322580645,596.516129032258,3591.83870967742,12220.1935483871,71.2751612903226
2008,11,"2007-11-15",53.1134978575873,10.3013874037942,9,2008-01-07,2008-02-05,"No",2007,10005,1710.66666666667,12009.2666666667,56.5,6639.03333333333,4290.9,87.8693333333333,-5033.4,2007-11-01,10541.935483871,1569.67741935484,12510.1612903226,123.903225806452,7600.32258064516,3683,88.4532258064516
2008,12,"2007-12-12",51.7430663791068,5.4938566000401,39,2008-01-07,2008-02-05,"No",2007,12121.2903225806,1502.58064516129,14015.6129032258,90.9032258064516,6728.22580645161,7185.58064516129,85.7477419354839,-5078.7064516129,2007-12-01,10005,1710.66666666667,12009.2666666667,56.5,6639.03333333333,4290.9,87.8693333333333
2009,1,"2009-01-14",60.3088310850361,8.4673563264783,595,2009-02-19,2009-03-01,"No",2009,9142.58064516129,1104.96774193548,10669.4838709677,64.7741935483871,4592.32258064516,6306.09677419355,83.5541935483871,-3389.25806451613,2009-01-01,8873.22580645161,1128.06451612903,10335.2580645161,85.7096774193548,2841.87096774194,7113.41935483871,85.2135483870968
2009,2,"2009-02-13",56.7410782336778,8.5818275101992,80,2009-02-19,2009-03-01,"No",2009,20469.2857142857,1427.5,23574,919.857142857143,4026.17857142857,22752.6428571429,76.8767857142857,-2531.83535714286,2009-02-01,9142.58064516129,1104.96774193548,10669.4838709677,64.7741935483871,4592.32258064516,6306.09677419355,83.5541935483871
2009,3,"2009-03-18",60.2915813333693,9.51697356619725,80,2009-02-19,2009-03-01,"Yes",2009,22619.3548387097,1422.25806451613,26181.1290322581,868.064516129032,5885.54838709677,19926.8709677419,69.0841935483871,-4313.58064516129,2009-03-01,20469.2857142857,1427.5,23574,919.857142857143,4026.17857142857,22752.6428571429,76.8767857142857
2009,4,"2009-04-15",62.4558324084576,15.3587312730371,39,2009-02-19,2009-03-01,"Yes",2009,13603.3333333333,1516,16308.3666666667,402.366666666667,2826.33333333333,12039.7666666667,74.4533333333333,-2030.99,2009-04-01,22619.3548387097,1422.25806451613,26181.1290322581,868.064516129032,5885.54838709677,19926.8709677419,69.0841935483871
2009,11,"2008-11-07",49.3992613148549,5.91703152190245,14,2009-02-19,2009-03-01,"No",2008,9739.66666666667,1140,11225.3666666667,61.3333333333333,5183.56666666667,5817.73333333333,87.2073333333333,-4062.53333333333,2008-11-01,7767.41935483871,1234.70967741935,9337.45161290323,179.451612903226,4585.16129032258,3186.09677419355,89.6870967741935
2009,12,"2008-12-16",53.1410058628832,3.82900555265663,13,2009-02-19,2009-03-01,"No",2008,8873.22580645161,1128.06451612903,10335.2580645161,85.7096774193548,2841.87096774194,7113.41935483871,85.2135483870968,-1725.15598037703,2008-12-01,9739.66666666667,1140,11225.3666666667,61.3333333333333,5183.56666666667,5817.73333333333,87.2073333333333
2010,1,"2010-01-14",56.5054445106203,6.20243522499475,160,2010-01-21,2010-02-10,"No",2010,26808.7096774194,1955.16129032258,31649.6451612903,2229.32258064516,5727.22580645161,26955,78.7348387096774,-3570.46451612903,2010-01-01,10611.935483871,1318.70967741935,12432.8387096774,107.387096774194,5638.48387096774,6370.77419354839,84.3287096774194
2010,2,"2010-02-11",56.6542670466608,6.02064129356133,86,2010-01-21,2010-02-10,"Yes",2010,28992.8571428571,2425.71428571429,35295.2142857143,3098.10714285714,6983.39285714286,29982.1428571429,65.8410714285714,-4315.71428571429,2010-02-01,26808.7096774194,1955.16129032258,31649.6451612903,2229.32258064516,5727.22580645161,26955,78.7348387096774
2010,3,"2010-03-10",68.0159148664589,16.4167260801465,130,2010-01-21,2010-02-10,"Yes",2010,19745.1612903226,2934.1935483871,24223.4193548387,616.41935483871,7180.48387096774,17121.4838709677,67.7325806451613,-4216.09677419355,2010-03-01,28992.8571428571,2425.71428571429,35295.2142857143,3098.10714285714,6983.39285714286,29982.1428571429,65.8410714285714
2010,4,"2010-04-07",64.6678382816153,7.00645607296826,137,2010-01-21,2010-02-10,"Yes",2010,18833.3333333333,4277,25396.5,911.233333333333,1558.46666666667,24604.4666666667,69.941,1382.68066666667,2010-04-01,19745.1612903226,2934.1935483871,24223.4193548387,616.41935483871,7180.48387096774,17121.4838709677,67.7325806451613
2010,11,"2009-11-18",54.1002820456667,2.63277249928326,51,2010-01-21,2010-02-10,"No",2009,9007.66666666667,1393.66666666667,10840.4,71.9,4597.1,4654.4,86.2153333333333,-2635.06666666667,2009-11-01,9780.96774193548,1844.51612903226,12371.1612903226,134.967741935484,6222.64516129032,6365.03225806452,85.6767741935484
2010,12,"2009-12-16",54.9516790062439,4.3586879491182,50,2010-01-21,2010-02-10,"No",2009,10611.935483871,1318.70967741935,12432.8387096774,107.387096774194,5638.48387096774,6370.77419354839,84.3287096774194,-3923.48387096774,2009-12-01,9007.66666666667,1393.66666666667,10840.4,71.9,4597.1,4654.4,86.2153333333333
2011,1,"2011-01-12",60.7133929275098,8.59372642740957,215,2010-12-09,2011-03-03,"Yes",2011,34964.5161290323,11793.5483870968,50590.3225806452,1214.77419354839,10768.5806451613,39475.7741935484,60.4809677419355,-4481.96774193548,2011-01-01,45700,6942.25806451613,57520.5161290323,1330.61290322581,11030.7096774194,48138.064516129,71.9216129032258
2011,2,"2011-02-10",60.0353468668106,5.48119910893085,159,2010-12-09,2011-03-03,"Yes",2011,24575,8698.92857142857,35694.25,806.071428571429,9008,28251,65.5821428571429,-4082.21428571429,2011-02-01,34964.5161290323,11793.5483870968,50590.3225806452,1214.77419354839,10768.5806451613,39475.7741935484,60.4809677419355
2011,3,"2011-03-10",65.4076872371716,18.0029259942242,125,2010-12-09,2011-03-03,"Yes",2011,57983.8709677419,13637.0967741935,108579.903225806,29023.064516129,6434.25806451613,104134.741935484,58.8467741935484,253.645161290323,2011-03-01,24575,8698.92857142857,35694.25,806.071428571429,9008,28251,65.5821428571429
2011,4,"2011-04-06",65.846823566315,13.8121353395957,81,2010-12-09,2011-03-03,"Yes",2011,53733.3333333333,26383.3333333333,93121.3666666667,7530.06666666667,6231.1,85043.3333333333,50.79,7657,2011-04-01,57983.8709677419,13637.0967741935,108579.903225806,29023.064516129,6434.25806451613,104134.741935484,58.8467741935484
2011,11,"2010-11-22",55.2861740792521,5.24907911639575,25,2010-12-09,2011-03-03,"No",2010,13043.3333333333,1901.66666666667,15859.5,57.2,9249.1,7020.86666666667,84.0536666666667,-6633.78139766166,2010-11-01,12005.1612903226,2390.32258064516,15730.2903225806,179.129032258065,9410.83870967742,5473.25806451613,85.2561290322581
2011,12,"2010-12-13",55.8422701384255,4.20226371274696,128,2010-12-09,2011-03-03,"Yes",2010,45700,6942.25806451613,57520.5161290323,1330.61290322581,11030.7096774194,48138.064516129,71.9216129032258,-4570.14028252271,2010-12-01,13043.3333333333,1901.66666666667,15859.5,57.2,9249.1,7020.86666666667,84.0536666666667
2012,1,"2012-01-19",57.9940848644179,6.76820534316418,433,2012-01-25,2012-04-02,"No",2012,15003.2258064516,1821.29032258065,17424.3225806452,158.806451612903,6125.09677419355,11417.3870967742,81.2361290322581,-4850.96774193548,2012-01-01,14480.6451612903,1816.45161290323,16802.2903225806,84.9677419354839,9452.45161290323,5372.70967741936,81.1893548387097
2012,2,"2012-02-15",55.0662294100194,8.5000798755255,352,2012-01-25,2012-04-02,"Yes",2012,13227.5862068966,1584.48275862069,15301.7931034483,97.1724137931034,3923.37931034483,10796.8620689655,75.7979310344828,-2799.68965517241,2012-02-01,15003.2258064516,1821.29032258065,17424.3225806452,158.806451612903,6125.09677419355,11417.3870967742,81.2361290322581
2012,3,"2012-03-08",63.0994708079378,16.0622347150178,462,2012-01-25,2012-04-02,"Yes",2012,19610.6451612903,1615.48387096774,22490.1612903226,255.387096774194,3543.29032258065,20114.4193548387,74.4212903225806,-2415.8064516129,2012-03-01,13227.5862068966,1584.48275862069,15301.7931034483,97.1724137931034,3923.37931034483,10796.8620689655,75.7979310344828
2012,4,"2012-04-05",62.54183428777,14.8467846400654,305,2012-01-25,2012-04-02,"Yes",2012,25670,2499,29820.0666666667,218.5,2312.9,27781.9333333333,67.2523333333333,-1904.33333333333,2012-04-01,19610.6451612903,1615.48387096774,22490.1612903226,255.387096774194,3543.29032258065,20114.4193548387,74.4212903225806
2012,11,"2011-11-15",58.8781193848649,10.1278333178859,80,2012-01-25,2012-04-02,"No",2011,12710,2755.33333333333,16371.8333333333,65.9,7222.3,8269.4,79.4883333333333,-5112.76666666667,2011-11-01,17654.8387096774,5027.09677419355,23968.935483871,125.032258064516,10812.1290322581,12077.2903225806,74.0151612903226
2012,12,"2011-12-12",52.1306371741303,6.94232001254439,340,2012-01-25,2012-04-02,"No",2011,14480.6451612903,1816.45161290323,16802.2903225806,84.9677419354839,9452.45161290323,5372.70967741936,81.1893548387097,-7651.61290322581,2011-12-01,12710,2755.33333333333,16371.8333333333,65.9,7222.3,8269.4,79.4883333333333
2013,1,"2013-01-09",57.718796096639,8.6890398704747,157,2012-12-02,2012-12-22,"Yes",2013,23719.3548387097,1838.70967741935,26837.4193548387,663.161290322581,4588.83870967742,22289.4516129032,65.0038709677419,-2571.47806451613,2013-01-01,45996.7741935484,1960.64516129032,53097.1290322581,3703.45161290323,7270.32258064516,48250.8709677419,70.7209677419355
2013,2,"2013-02-06",60.0967062746814,6.36410432196891,181,2012-12-02,2012-12-22,"Yes",2013,15878.5714285714,2230.35714285714,18659.9642857143,99.9285714285714,4563.10714285714,13428.8214285714,70.3421428571429,-2591.39392857143,2013-02-01,23719.3548387097,1838.70967741935,26837.4193548387,663.161290322581,4588.83870967742,22289.4516129032,65.0038709677419
2013,3,"2013-03-06",53.9980248534867,9.87674263012424,103,2012-12-02,2012-12-22,"Yes",2013,13435.4838709677,1509.67741935484,15867.3870967742,404.516129032258,5284.35483870968,9626.90322580645,75.3277419354839,-4001.54838709677,2013-03-01,15878.5714285714,2230.35714285714,18659.9642857143,99.9285714285714,4563.10714285714,13428.8214285714,70.3421428571429
2013,4,"2013-04-04",53.1035890205168,11.759747981997,40,2012-12-02,2012-12-22,"Yes",2013,12397.6666666667,2162,15587.7333333333,418.3,1893.33333333333,12865.7,74.721,-549.743333333333,2013-04-01,13435.4838709677,1509.67741935484,15867.3870967742,404.516129032258,5284.35483870968,9626.90322580645,75.3277419354839
2013,11,"2012-11-15",52.8934111853784,8.96456192326669,77,2012-12-02,2012-12-22,"No",2012,11910.3333333333,1294.66666666667,13586.7666666667,59.1,7153.86666666667,6291.7,85.3273333333333,-5550.7,2012-11-01,11451.6129032258,1789.29032258065,13731.4516129032,206.41935483871,7882.67741935484,4476.90322580645,86.1574193548387
2013,12,"2012-12-07",56.4069559566673,5.58023532449652,79,2012-12-02,2012-12-22,"Yes",2012,45996.7741935484,1960.64516129032,53097.1290322581,3703.45161290323,7270.32258064516,48250.8709677419,70.7209677419355,-5041.73032258065,2012-12-01,11910.3333333333,1294.66666666667,13586.7666666667,59.1,7153.86666666667,6291.7,85.3273333333333
2014,1,"2014-01-16",55.5132352372343,5.4006031040921,200,2014-03-08,2014-03-08,"No",2014,6329.03225806452,789.096774193548,7540.48387096774,198.709677419355,1613.29032258065,4780.41935483871,85.3906451612903,-1401.64838709677,2014-01-01,8204.83870967742,935.387096774194,9463.06451612903,93.1290322580645,2802.96774193548,4951.1935483871,84.4312903225807
2014,2,"2014-02-12",61.7884632368748,19.7140376130116,92,2014-03-08,2014-03-08,"No",2014,10736.7857142857,821.892857142857,12226.1785714286,133.214285714286,2651.42857142857,11061.0357142857,80.6957142857143,-2077.98571428571,2014-02-01,6329.03225806452,789.096774193548,7540.48387096774,198.709677419355,1613.29032258065,4780.41935483871,85.3906451612903
2014,3,"2014-03-12",72.9375518812984,19.048808148807,135,2014-03-08,2014-03-08,"Yes",2014,14774.8387096774,847.193548387097,16261.9032258065,133.387096774194,4383.74193548387,12723.1290322581,76.6645161290323,-3646.96774193548,2014-03-01,10736.7857142857,821.892857142857,12226.1785714286,133.214285714286,2651.42857142857,11061.0357142857,80.6957142857143
2014,4,"2014-04-08",64.8087799234474,14.2044605403492,49,2014-03-08,2014-03-08,"Yes",2014,9636.66666666667,1778.73333333333,12175.1666666667,235.666666666667,3966.66666666667,7912.73333333333,79.3373333333333,-3464.36666666667,2014-04-01,14774.8387096774,847.193548387097,16261.9032258065,133.387096774194,4383.74193548387,12723.1290322581,76.6645161290323
2014,11,"2013-11-07",53.932320381592,10.8615079518769,21,2014-03-08,2014-03-08,"No",2013,8783.33333333333,1087.13333333333,10213.4666666667,99.2,3876.6,5567.96666666667,85.6806666666667,-2926.65,2013-11-01,7974.83870967742,1439.38709677419,9815.51612903226,165.451612903226,3702.87096774194,4273.51612903226,85.9312903225807
2014,12,"2013-12-14",54.2947262347832,6.39902815475282,70,2014-03-08,2014-03-08,"No",2013,8204.83870967742,935.387096774194,9463.06451612903,93.1290322580645,2802.96774193548,4951.1935483871,84.4312903225807,-2084.54838709677,2013-12-01,8783.33333333333,1087.13333333333,10213.4666666667,99.2,3876.6,5567.96666666667,85.6806666666667
2015,1,"2015-01-14",51.9767771403842,10.2994057594996,25,2014-12-07,2014-12-24,"Yes",2015,10733.2258064516,884.41935483871,12495.2580645161,407.193548387097,5236.74193548387,6051.35483870968,75.3077419354839,-4155.29032258064,2015-01-01,33066.1290322581,1212.32258064516,37566.6129032258,2666.38709677419,6492.54838709677,33506.935483871,74.1841935483871
2015,2,"2015-02-11",49.5847343386273,7.17658346592412,78,2014-12-07,2014-12-24,"Yes",2015,17869.2857142857,912.071428571429,20847.25,1051.21428571429,5027.78571428571,16257.5357142857,76.5492857142857,-4042.82142857143,2015-02-01,10733.2258064516,884.41935483871,12495.2580645161,407.193548387097,5236.74193548387,6051.35483870968,75.3077419354839
2015,3,"2015-03-11",55.6990976461615,8.5882679486282,7,2014-12-07,2014-12-24,"Yes",2015,7972.90322580645,638.483870967742,10313.6774193548,382.354838709677,3204.16129032258,5988.74193548387,79.6877419354839,-2618.65940797207,2015-03-01,17869.2857142857,912.071428571429,20847.25,1051.21428571429,5027.78571428571,16257.5357142857,76.5492857142857
2015,4,"2015-04-07",60.9408676379694,7.64813590754458,2,2014-12-07,2014-12-24,"Yes",2015,6341.33333333333,874.8,9132.3,469.266666666667,1676.4,6818.26666666667,81.2673333333333,-1469.46666666667,2015-04-01,7972.90322580645,638.483870967742,10313.6774193548,382.354838709677,3204.16129032258,5988.74193548387,79.6877419354839
2015,12,"2014-12-17",51.7561236792152,6.45793746854972,50,2014-12-07,2014-12-24,"Yes",2014,33066.1290322581,1212.32258064516,37566.6129032258,2666.38709677419,6492.54838709677,33506.935483871,74.1841935483871,-4891.87096774194,2014-12-01,7596.66666666667,956.266666666667,9263.13333333333,160.666666666667,2980.76666666667,5433.7,84.4043333333333
2016,1,"2016-01-13",51.5118772386202,5.99178966518956,9,2016-01-18,2016-03-11,"No",2016,27404.1935483871,1622.83870967742,30676.0322580645,706.129032258065,4612,27636.2258064516,75.158064516129,-3196.28121870515,2016-01-01,10542.2580645161,773.483870967742,11865.3225806452,139.258064516129,2445.8064516129,9248.61290322581,82.6674193548387
2016,2,"2016-02-10",52.7942031591415,10.0024810522917,7,2016-01-18,2016-03-11,"Yes",2016,21165.5172413793,1048.89655172414,23319,348.689655172414,5158.44827586207,17844.3448275862,68.3255172413793,-4032.51724137931,2016-02-01,27404.1935483871,1622.83870967742,30676.0322580645,706.129032258065,4612,27636.2258064516,75.158064516129
2016,3,"2016-03-09",63.6104836263725,5.07112587600191,8,2016-01-18,2016-03-11,"Yes",2016,53790.3225806452,1992.74193548387,68391.7741935484,10175.0322580645,5837.54838709677,63654.3548387097,64.4545161290323,-4465.16129032258,2016-03-01,21165.5172413793,1048.89655172414,23319,348.689655172414,5158.44827586207,17844.3448275862,68.3255172413793
2016,4,"2016-04-04",66.3489164016305,0,13,2016-01-18,2016-03-11,"Yes",2016,19436.6666666667,1765.86666666667,22831.7666666667,702,2059.33333333333,20873.9,63.3423333333333,-1808.52333333333,2016-04-01,53790.3225806452,1992.74193548387,68391.7741935484,10175.0322580645,5837.54838709677,63654.3548387097,64.4545161290323
2016,12,"2015-12-15",61.998520718444,15.431342134716,9,2016-01-18,2016-03-11,"No",2015,10542.2580645161,773.483870967742,11865.3225806452,139.258064516129,2445.8064516129,9248.61290322581,82.6674193548387,-1782.11078153634,2015-12-01,6122,892.166666666667,7289.03333333333,96.0666666666667,2283.1,4769.06666666667,85.7226666666667
2017,1,"2017-01-11",52.5833506829986,17.4276087884085,84,2016-12-12,2017-02-21,"Yes",2017,67500,13347.0322580645,150870.322580645,59044.7096774194,11742.2580645161,143948.451612903,57.0103225806452,-4226.03225806452,2017-01-01,39925.8064516129,1063.54838709677,45025.2258064516,2163.48387096774,8560.35483870968,35362.4516129032,73.7464516129032
2017,2,"2017-02-09",60.9262630668798,12.9225800238456,60,2016-12-12,2017-02-21,"Yes",2017,82107.1428571429,28964.2857142857,274978.178571429,148441.571428571,11483.0357142857,269002.464285714,44.6657142857143,5642.125,2017-02-01,67500,13347.0322580645,150870.322580645,59044.7096774194,11742.2580645161,143948.451612903,57.0103225806452
2017,3,"2017-03-08",58.754731511088,13.9264987785269,43,2016-12-12,2017-02-21,"Yes",2017,66770.9677419355,29696.7741935484,128416.935483871,24435.3548387097,4695.77419354839,124338.612903226,43.8416129032258,13441.6129032258,2017-03-01,82107.1428571429,28964.2857142857,274978.178571429,148441.571428571,11483.0357142857,269002.464285714,44.6657142857143
2017,4,"2017-04-05",60.4181581369185,6.34088555695289,8,2016-12-12,2017-02-21,"Yes",2017,67336.6666666667,23530,112579.366666667,15255.3333333333,5547.1,106997.466666667,48.0053333333333,7379.66666666667,2017-04-01,66770.9677419355,29696.7741935484,128416.935483871,24435.3548387097,4695.77419354839,124338.612903226,43.8416129032258
2017,11,"2016-11-07",47.4536283784425,1.39041753713511,9,2016-12-12,2017-02-21,"No",2016,15056.6666666667,1147.13333333333,16894.8333333333,112.7,7684.06666666667,8668.96666666667,81.106,-6746.54418821712,2016-11-01,11633.8709677419,1232.83870967742,13487.3870967742,154.967741935484,6896.8064516129,7614.93548387097,83.9564516129032
2017,12,"2016-12-08",48.6047377785089,7.6555134374402,274,2016-12-12,2017-02-21,"No",2016,39925.8064516129,1063.54838709677,45025.2258064516,2163.48387096774,8560.35483870968,35362.4516129032,73.7464516129032,-7437.09677419355,2016-12-01,15056.6666666667,1147.13333333333,16894.8333333333,112.7,7684.06666666667,8668.96666666667,81.106
2018,1,"2018-01-10",61.4127606360677,15.0228035663989,20,2018-01-12,2018-04-02,"No",2018,18180.6451612903,2265.48387096774,21294.5806451613,135.548387096774,6497,16992,75.6067741935484,-4714.06451612903,2018-01-01,14425.8064516129,2150.64516129032,17287.2580645161,87.3225806451613,8457.58064516129,6841.12903225806,79.9251612903226
2018,2,"2018-02-08",64.0170016098688,19.882687144879,7,2018-01-12,2018-04-02,"Yes",2018,13532.1428571429,2145,16323.2857142857,117.071428571429,4082.21428571429,11570.25,73.9135714285714,-3041.03571428571,2018-02-01,18180.6451612903,2265.48387096774,21294.5806451613,135.548387096774,6497,16992,75.6067741935484
2018,3,"2018-03-14",68.8402959753326,16.4245232450767,6,2018-01-12,2018-04-02,"Yes",2018,26558.064516129,3631.93548387097,32748.0967741935,248.387096774194,6472.54838709677,28192.6774193548,71.2712903225806,-4381.83870967742,2018-03-01,13532.1428571429,2145,16323.2857142857,117.071428571429,4082.21428571429,11570.25,73.9135714285714
2018,11,"2017-11-27",63.9389741690733,7.62042470263092,4,2018-01-12,2018-04-02,"No",2017,13666.6666666667,2046.33333333333,17305.7333333333,102.4,7588.3,9046.36666666667,78.0936666666667,-6436,2017-11-01,13316.1290322581,2743.87096774194,17003.2580645161,224.193548387097,5994.38709677419,9340.58064516129,75.5522580645161
2018,12,"2017-12-13",56.7183091246327,13.8489307135237,8,2018-01-12,2018-04-02,"No",2017,14425.8064516129,2150.64516129032,17287.2580645161,87.3225806451613,8457.58064516129,6841.12903225806,79.9251612903226,-7133.77577558053,2017-12-01,13666.6666666667,2046.33333333333,17305.7333333333,102.4,7588.3,9046.36666666667,78.0936666666667
2019,1,"2019-01-26",64.6753355803912,14.9822870648451,18,2019-01-10,2019-03-07,"Yes",2019,31577.4193548387,1530.64516129032,36567,2029.35483870968,6045.96774193548,32308.7741935484,71.9496774193548,-4956.77419354839,2019-01-01,15093.5483870968,1384.83870967742,17005.1935483871,80.8709677419355,7718.90322580645,10077.4193548387,79.6287096774194
2019,2,"2019-02-16",61.1568043686428,14.7259636759236,8,2019-01-10,2019-03-07,"Yes",2019,55289.2857142857,8654.28571428571,85988.75,15200.3571428571,8489.10714285714,81926.8928571429,60.0042857142857,-4256.14285714286,2019-02-01,31577.4193548387,1530.64516129032,36567,2029.35483870968,6045.96774193548,32308.7741935484,71.9496774193548
2019,3,"2019-03-03",54.3683843595379,NA,1,2019-01-10,2019-03-07,"Yes",2019,69916.1290322581,16009.6774193548,127068.290322581,34528.4838709677,7635.35483870968,120729.935483871,50.2435483870968,157.063835033282,2019-03-01,55289.2857142857,8654.28571428571,85988.75,15200.3571428571,8489.10714285714,81926.8928571429,60.0042857142857
2019,11,"2018-11-07",79.6131630697947,11.850343126193,11,2019-01-10,2019-03-07,"No",2018,9611.66666666667,1564,11723.3333333333,83.8333333333333,4073,7894.5,84.8646666666667,-3247.43333333333,2018-11-01,11167.4193548387,1887.41935483871,13848.5483870968,50.5161290322581,7957.1935483871,5005.70967741936,83.8448387096774
2019,12,"2018-12-12",60.8950587246273,15.6842651515759,17,2019-01-10,2019-03-07,"No",2018,15093.5483870968,1384.83870967742,17005.1935483871,80.8709677419355,7718.90322580645,10077.4193548387,79.6287096774194,-6162.58064516129,2018-12-01,9611.66666666667,1564,11723.3333333333,83.8333333333333,4073,7894.5,84.8646666666667
2020,1,"2020-01-15",55.457603482161,8.12298347676629,4,NA,NA,"No",2020,16458.064516129,2259.35483870968,19374,116.806451612903,6433,12917.6451612903,75.2570967741935,-4651.51612903226,2020-01-01,19409.6774193548,3628.06451612903,23844.8709677419,144.387096774194,10572.5483870968,14507.5806451613,75.6267741935484
2020,2,"2020-02-12",70.7696924477868,20.1762716184743,3,NA,NA,"No",2020,13586.2068965517,2259.31034482759,16420.6896551724,144.620689655172,3786.31034482759,11768.0689655172,74.02,-2650.51034482759,2020-02-01,16458.064516129,2259.35483870968,19374,116.806451612903,6433,12917.6451612903,75.2570967741935
2020,3,"2020-03-10",77.9730220337231,1.00699040987644,2,NA,NA,"No",2020,12067.7419354839,2114.83870967742,15042.8709677419,83.5806451612903,4635.06451612903,10325.4838709677,75.3583870967742,-3489.83569473513,2020-03-01,13586.2068965517,2259.31034482759,16420.6896551724,144.620689655172,3786.31034482759,11768.0689655172,74.02
2020,11,"2019-11-12",64.449133428178,11.5921798161597,3,NA,NA,"No",2019,10621,1721.33333333333,12884.9,62.3333333333333,4889.63333333333,6787.63333333333,77.6823333333333,-3754.08380762048,2019-11-01,14280.6451612903,2674.51612903226,17875.2903225806,41.3870967741936,2804.70967741935,13226.6451612903,73.7941935483871
2020,12,"2019-12-18",60.2821451689189,13.5056283138039,8,NA,NA,"No",2019,19409.6774193548,3628.06451612903,23844.8709677419,144.387096774194,10572.5483870968,14507.5806451613,75.6267741935484,-8151.61290322581,2019-12-01,10621,1721.33333333333,12884.9,62.3333333333333,4889.63333333333,6787.63333333333,77.6823333333333
2021,1,"2021-01-06",99.9228535009906,NA,1,NA,NA,"No",NA,NA,NA,NA,NA,NA,NA,NA,NA,NA,NA,NA,NA,NA,NA,NA,NA
2021,11,"2020-11-09",95.1931849475397,NA,1,NA,NA,"No",NA,NA,NA,NA,NA,NA,NA,NA,NA,NA,NA,NA,NA,NA,NA,NA,NA
